"subject","trial","phase","condition","look","outcome"
7,1,"acquisition","cs_minus_ns",1,"reward"
7,2,"acquisition","cs_plus_s",1,"shock"
7,3,"acquisition","cs_minus_s",1,"reward"
7,4,"acquisition","cs_plus_ns",1,"shock"
7,5,"acquisition","cs_minus_s",1,"reward"
7,6,"acquisition","cs_minus_ns",1,"reward"
7,7,"acquisition","cs_minus_ns",1,"reward"
7,8,"acquisition","cs_plus_ns",1,"shock"
7,9,"acquisition","cs_plus_s",1,"shock"
7,10,"acquisition","cs_minus_s",1,"reward"
7,11,"acquisition","cs_plus_ns",1,"shock"
7,12,"acquisition","cs_plus_s",1,"shock"
7,13,"acquisition","cs_minus_ns",1,"reward"
7,14,"acquisition","cs_plus_s",1,"shock"
7,15,"acquisition","cs_plus_ns",1,"shock"
7,16,"acquisition","cs_minus_s",1,"reward"
7,17,"acquisition","cs_plus_s",0,NA
7,18,"acquisition","cs_minus_ns",1,"reward"
7,19,"acquisition","cs_minus_s",1,"reward"
7,20,"acquisition","cs_plus_s",1,"shock"
7,21,"acquisition","cs_plus_ns",1,"shock"
7,22,"acquisition","cs_plus_s",1,"shock"
7,23,"acquisition","cs_minus_ns",1,"reward"
7,24,"acquisition","cs_plus_ns",1,"shock"
7,25,"acquisition","cs_minus_ns",1,"reward"
7,26,"acquisition","cs_plus_s",1,"shock"
7,27,"acquisition","cs_minus_s",1,"reward"
7,28,"acquisition","cs_plus_ns",1,"shock"
7,29,"acquisition","cs_minus_s",1,"reward"
7,30,"acquisition","cs_minus_ns",1,"reward"
7,31,"acquisition","cs_plus_ns",0,NA
7,32,"acquisition","cs_minus_s",1,"reward"
7,33,"acquisition","cs_plus_ns",0,NA
7,34,"acquisition","cs_plus_ns",1,"shock"
7,35,"acquisition","cs_minus_s",1,"reward"
7,36,"acquisition","cs_minus_s",1,"reward"
7,37,"acquisition","cs_plus_s",0,NA
7,38,"acquisition","cs_plus_s",1,"shock"
7,39,"acquisition","cs_minus_s",1,"reward"
7,40,"acquisition","cs_plus_s",0,NA
7,41,"acquisition","cs_minus_ns",1,"reward"
7,42,"acquisition","cs_minus_s",1,"reward"
7,43,"acquisition","cs_minus_ns",1,"reward"
7,44,"acquisition","cs_minus_ns",1,"reward"
7,45,"acquisition","cs_plus_s",0,NA
7,46,"acquisition","cs_plus_ns",1,"shock"
7,47,"acquisition","cs_plus_ns",1,"shock"
7,48,"acquisition","cs_minus_ns",1,"reward"
7,49,"acquisition","cs_plus_s",0,NA
7,50,"acquisition","cs_minus_s",1,"reward"
7,51,"acquisition","cs_plus_ns",1,"shock"
7,52,"acquisition","cs_minus_s",1,"reward"
7,53,"acquisition","cs_plus_ns",0,NA
7,54,"acquisition","cs_minus_ns",1,"reward"
7,55,"acquisition","cs_plus_s",0,NA
7,56,"acquisition","cs_plus_ns",1,"shock"
7,57,"acquisition","cs_minus_s",1,"reward"
7,58,"acquisition","cs_minus_ns",1,"reward"
7,59,"acquisition","cs_minus_s",1,"reward"
7,60,"acquisition","cs_plus_s",0,NA
7,61,"acquisition","cs_minus_ns",1,"reward"
7,62,"acquisition","cs_plus_s",0,NA
7,63,"acquisition","cs_plus_ns",1,"shock"
7,64,"acquisition","cs_minus_ns",1,"reward"
7,65,"acquisition","cs_minus_ns",1,"reward"
7,66,"acquisition","cs_plus_s",0,NA
7,67,"acquisition","cs_minus_s",1,"reward"
7,68,"acquisition","cs_minus_s",1,"reward"
7,69,"acquisition","cs_plus_s",0,NA
7,70,"acquisition","cs_minus_ns",1,"reward"
7,71,"acquisition","cs_minus_s",1,"reward"
7,72,"acquisition","cs_plus_ns",1,"shock"
7,73,"acquisition","cs_plus_ns",1,"shock"
7,74,"acquisition","cs_minus_ns",1,"reward"
7,75,"acquisition","cs_plus_ns",0,NA
7,76,"acquisition","cs_plus_s",1,"shock"
7,77,"acquisition","cs_minus_s",1,"reward"
7,78,"acquisition","cs_minus_ns",1,"reward"
7,79,"acquisition","cs_plus_s",1,"shock"
7,80,"acquisition","cs_plus_ns",1,"shock"
7,81,"acquisition","cs_minus_s",1,"reward"
7,82,"acquisition","cs_minus_s",1,"reward"
7,83,"acquisition","cs_plus_s",0,NA
7,84,"acquisition","cs_plus_ns",1,"shock"
7,85,"acquisition","cs_minus_ns",1,"reward"
7,86,"acquisition","cs_plus_s",0,NA
7,87,"acquisition","cs_plus_ns",0,NA
7,88,"acquisition","cs_minus_s",1,"reward"
7,89,"acquisition","cs_minus_ns",1,"reward"
7,90,"acquisition","cs_plus_ns",1,"shock"
7,91,"acquisition","cs_plus_s",1,"shock"
7,92,"acquisition","cs_minus_ns",1,"reward"
7,93,"acquisition","cs_plus_ns",0,NA
7,94,"acquisition","cs_minus_s",1,"reward"
7,95,"acquisition","cs_plus_s",0,NA
7,96,"acquisition","cs_minus_ns",1,"reward"
7,97,"acquisition","cs_minus_s",1,"reward"
7,98,"acquisition","cs_minus_s",1,"reward"
7,99,"acquisition","cs_plus_ns",1,"shock"
7,100,"acquisition","cs_plus_s",0,NA
7,101,"acquisition","cs_plus_ns",0,NA
7,102,"acquisition","cs_plus_s",0,NA
7,103,"acquisition","cs_minus_ns",1,"reward"
7,104,"acquisition","cs_minus_s",1,"reward"
7,105,"acquisition","cs_plus_s",0,NA
7,106,"acquisition","cs_plus_s",0,NA
7,107,"acquisition","cs_plus_ns",0,NA
7,108,"acquisition","cs_minus_s",1,"reward"
7,109,"acquisition","cs_minus_ns",1,"reward"
7,110,"acquisition","cs_minus_ns",1,"reward"
7,111,"acquisition","cs_minus_ns",1,"reward"
7,112,"acquisition","cs_plus_ns",1,"shock"
7,113,"test","cs_minus_ns",NA,NA
7,114,"test","cs_plus_s",NA,NA
7,115,"test","cs_plus_ns",NA,NA
7,116,"test","cs_minus_s",NA,NA
7,117,"test","cs_minus_s",NA,NA
7,118,"test","cs_minus_ns",NA,NA
7,119,"test","cs_plus_s",NA,NA
7,120,"test","cs_plus_ns",NA,NA
7,121,"test","cs_minus_ns",NA,NA
7,122,"test","cs_plus_ns",NA,NA
7,123,"test","cs_minus_s",NA,NA
7,124,"test","cs_plus_s",NA,NA
7,125,"test","cs_minus_s",NA,NA
7,126,"test","cs_plus_ns",NA,NA
7,127,"test","cs_plus_s",NA,NA
7,128,"test","cs_minus_ns",NA,NA
7,129,"test","cs_plus_ns",NA,NA
7,130,"test","cs_minus_s",NA,NA
7,131,"test","cs_plus_s",NA,NA
7,132,"test","cs_minus_ns",NA,NA
7,133,"test","cs_plus_s",NA,NA
7,134,"test","cs_plus_ns",NA,NA
7,135,"test","cs_minus_s",NA,NA
7,136,"test","cs_minus_ns",NA,NA
7,137,"test","cs_minus_s",NA,NA
7,138,"test","cs_plus_ns",NA,NA
7,139,"test","cs_minus_ns",NA,NA
7,140,"test","cs_plus_s",NA,NA
7,141,"test","cs_plus_ns",NA,NA
7,142,"test","cs_minus_ns",NA,NA
7,143,"test","cs_plus_s",NA,NA
7,144,"test","cs_minus_s",NA,NA
7,145,"test","cs_plus_ns",NA,NA
7,146,"test","cs_minus_ns",NA,NA
7,147,"test","cs_plus_s",NA,NA
7,148,"test","cs_minus_s",NA,NA
7,149,"test","cs_plus_s",NA,NA
7,150,"test","cs_minus_ns",NA,NA
7,151,"test","cs_minus_s",NA,NA
7,152,"test","cs_plus_ns",NA,NA
8,1,"acquisition","cs_minus_s",1,"reward"
8,2,"acquisition","cs_plus_ns",1,"shock"
8,3,"acquisition","cs_plus_ns",1,"shock"
8,4,"acquisition","cs_plus_s",1,"shock"
8,5,"acquisition","cs_minus_ns",1,"reward"
8,6,"acquisition","cs_minus_ns",1,"reward"
8,7,"acquisition","cs_minus_s",1,"reward"
8,8,"acquisition","cs_plus_ns",1,"shock"
8,9,"acquisition","cs_plus_s",1,"shock"
8,10,"acquisition","cs_minus_s",1,"reward"
8,11,"acquisition","cs_minus_ns",1,"reward"
8,12,"acquisition","cs_minus_s",1,"reward"
8,13,"acquisition","cs_plus_s",1,"shock"
8,14,"acquisition","cs_plus_ns",1,"shock"
8,15,"acquisition","cs_minus_ns",1,"reward"
8,16,"acquisition","cs_plus_s",1,"shock"
8,17,"acquisition","cs_minus_s",1,"reward"
8,18,"acquisition","cs_minus_ns",1,"reward"
8,19,"acquisition","cs_minus_s",1,"reward"
8,20,"acquisition","cs_plus_ns",1,"shock"
8,21,"acquisition","cs_plus_s",1,"shock"
8,22,"acquisition","cs_minus_s",1,"reward"
8,23,"acquisition","cs_plus_ns",1,"shock"
8,24,"acquisition","cs_minus_ns",1,"reward"
8,25,"acquisition","cs_plus_ns",1,"shock"
8,26,"acquisition","cs_plus_s",1,"shock"
8,27,"acquisition","cs_plus_s",1,"shock"
8,28,"acquisition","cs_minus_ns",1,"reward"
8,29,"acquisition","cs_plus_s",1,"shock"
8,30,"acquisition","cs_plus_ns",1,"shock"
8,31,"acquisition","cs_minus_ns",1,"reward"
8,32,"acquisition","cs_minus_s",1,"reward"
8,33,"acquisition","cs_minus_ns",0,NA
8,34,"acquisition","cs_minus_ns",0,NA
8,35,"acquisition","cs_plus_ns",0,NA
8,36,"acquisition","cs_plus_s",0,NA
8,37,"acquisition","cs_minus_s",0,NA
8,38,"acquisition","cs_minus_s",0,NA
8,39,"acquisition","cs_plus_ns",0,NA
8,40,"acquisition","cs_minus_s",0,NA
8,41,"acquisition","cs_plus_s",0,NA
8,42,"acquisition","cs_minus_ns",0,NA
8,43,"acquisition","cs_plus_ns",0,NA
8,44,"acquisition","cs_plus_s",0,NA
8,45,"acquisition","cs_minus_ns",0,NA
8,46,"acquisition","cs_plus_ns",0,NA
8,47,"acquisition","cs_minus_s",0,NA
8,48,"acquisition","cs_plus_s",0,NA
8,49,"acquisition","cs_plus_ns",0,NA
8,50,"acquisition","cs_minus_s",0,NA
8,51,"acquisition","cs_plus_s",0,NA
8,52,"acquisition","cs_plus_s",0,NA
8,53,"acquisition","cs_minus_s",0,NA
8,54,"acquisition","cs_minus_ns",0,NA
8,55,"acquisition","cs_minus_ns",0,NA
8,56,"acquisition","cs_plus_s",0,NA
8,57,"acquisition","cs_minus_ns",0,NA
8,58,"acquisition","cs_plus_ns",0,NA
8,59,"acquisition","cs_plus_s",0,NA
8,60,"acquisition","cs_minus_s",0,NA
8,61,"acquisition","cs_plus_ns",0,NA
8,62,"acquisition","cs_minus_ns",0,NA
8,63,"acquisition","cs_minus_s",0,NA
8,64,"acquisition","cs_plus_ns",0,NA
8,65,"acquisition","cs_minus_s",0,NA
8,66,"acquisition","cs_minus_s",0,NA
8,67,"acquisition","cs_plus_s",1,"shock"
8,68,"acquisition","cs_plus_ns",0,NA
8,69,"acquisition","cs_minus_ns",0,NA
8,70,"acquisition","cs_minus_ns",0,NA
8,71,"acquisition","cs_plus_ns",0,NA
8,72,"acquisition","cs_plus_ns",0,NA
8,73,"acquisition","cs_plus_s",0,NA
8,74,"acquisition","cs_minus_ns",0,NA
8,75,"acquisition","cs_minus_ns",0,NA
8,76,"acquisition","cs_plus_s",0,NA
8,77,"acquisition","cs_minus_s",0,NA
8,78,"acquisition","cs_minus_s",0,NA
8,79,"acquisition","cs_plus_ns",0,NA
8,80,"acquisition","cs_plus_s",0,NA
8,81,"acquisition","cs_minus_ns",0,NA
8,82,"acquisition","cs_plus_ns",0,NA
8,83,"acquisition","cs_minus_s",0,NA
8,84,"acquisition","cs_plus_s",0,NA
8,85,"acquisition","cs_plus_s",0,NA
8,86,"acquisition","cs_minus_s",0,NA
8,87,"acquisition","cs_minus_ns",0,NA
8,88,"acquisition","cs_plus_ns",0,NA
8,89,"acquisition","cs_minus_s",0,NA
8,90,"acquisition","cs_minus_ns",0,NA
8,91,"acquisition","cs_plus_ns",0,NA
8,92,"acquisition","cs_plus_s",0,NA
8,93,"acquisition","cs_minus_ns",0,NA
8,94,"acquisition","cs_minus_s",0,NA
8,95,"acquisition","cs_plus_s",0,NA
8,96,"acquisition","cs_plus_ns",0,NA
8,97,"acquisition","cs_plus_ns",0,NA
8,98,"acquisition","cs_plus_s",0,NA
8,99,"acquisition","cs_plus_s",0,NA
8,100,"acquisition","cs_minus_s",0,NA
8,101,"acquisition","cs_minus_s",0,NA
8,102,"acquisition","cs_plus_s",0,NA
8,103,"acquisition","cs_minus_ns",0,NA
8,104,"acquisition","cs_minus_ns",0,NA
8,105,"acquisition","cs_minus_s",0,NA
8,106,"acquisition","cs_plus_ns",0,NA
8,107,"acquisition","cs_minus_ns",0,NA
8,108,"acquisition","cs_plus_s",0,NA
8,109,"acquisition","cs_minus_ns",0,NA
8,110,"acquisition","cs_plus_ns",0,NA
8,111,"acquisition","cs_minus_s",0,NA
8,112,"acquisition","cs_plus_ns",0,NA
8,113,"test","cs_plus_s",NA,NA
8,114,"test","cs_minus_ns",NA,NA
8,115,"test","cs_minus_s",NA,NA
8,116,"test","cs_plus_ns",NA,NA
8,117,"test","cs_plus_s",NA,NA
8,118,"test","cs_minus_s",NA,NA
8,119,"test","cs_plus_ns",NA,NA
8,120,"test","cs_minus_ns",NA,NA
8,121,"test","cs_plus_s",NA,NA
8,122,"test","cs_minus_ns",NA,NA
8,123,"test","cs_minus_s",NA,NA
8,124,"test","cs_plus_ns",NA,NA
8,125,"test","cs_minus_ns",NA,NA
8,126,"test","cs_plus_ns",NA,NA
8,127,"test","cs_plus_s",NA,NA
8,128,"test","cs_minus_s",NA,NA
8,129,"test","cs_plus_ns",NA,NA
8,130,"test","cs_minus_ns",NA,NA
8,131,"test","cs_plus_s",NA,NA
8,132,"test","cs_minus_s",NA,NA
8,133,"test","cs_plus_s",NA,NA
8,134,"test","cs_plus_ns",NA,NA
8,135,"test","cs_minus_s",NA,NA
8,136,"test","cs_minus_ns",NA,NA
8,137,"test","cs_minus_ns",NA,NA
8,138,"test","cs_minus_s",NA,NA
8,139,"test","cs_plus_s",NA,NA
8,140,"test","cs_plus_ns",NA,NA
8,141,"test","cs_plus_ns",NA,NA
8,142,"test","cs_plus_s",NA,NA
8,143,"test","cs_minus_s",NA,NA
8,144,"test","cs_minus_ns",NA,NA
8,145,"test","cs_minus_s",NA,NA
8,146,"test","cs_minus_ns",NA,NA
8,147,"test","cs_plus_s",NA,NA
8,148,"test","cs_plus_ns",NA,NA
8,149,"test","cs_minus_s",NA,NA
8,150,"test","cs_minus_ns",NA,NA
8,151,"test","cs_plus_s",NA,NA
8,152,"test","cs_plus_ns",NA,NA
9,1,"acquisition","cs_plus_ns",1,"shock"
9,2,"acquisition","cs_plus_ns",1,"shock"
9,3,"acquisition","cs_plus_ns",1,"shock"
9,4,"acquisition","cs_minus_s",1,"reward"
9,5,"acquisition","cs_plus_s",1,"shock"
9,6,"acquisition","cs_minus_s",1,"reward"
9,7,"acquisition","cs_plus_s",1,"shock"
9,8,"acquisition","cs_plus_s",1,"shock"
9,9,"acquisition","cs_plus_s",1,"shock"
9,10,"acquisition","cs_minus_ns",1,"reward"
9,11,"acquisition","cs_minus_ns",1,"reward"
9,12,"acquisition","cs_minus_ns",1,"reward"
9,13,"acquisition","cs_minus_s",1,"reward"
9,14,"acquisition","cs_minus_s",1,"reward"
9,15,"acquisition","cs_plus_ns",1,"shock"
9,16,"acquisition","cs_minus_ns",1,"reward"
9,17,"acquisition","cs_plus_s",1,"shock"
9,18,"acquisition","cs_plus_ns",1,"shock"
9,19,"acquisition","cs_plus_ns",1,"shock"
9,20,"acquisition","cs_plus_s",1,"shock"
9,21,"acquisition","cs_minus_ns",1,"reward"
9,22,"acquisition","cs_plus_ns",1,"shock"
9,23,"acquisition","cs_minus_ns",1,"reward"
9,24,"acquisition","cs_minus_s",1,"reward"
9,25,"acquisition","cs_plus_ns",1,"shock"
9,26,"acquisition","cs_minus_ns",1,"reward"
9,27,"acquisition","cs_plus_s",1,"shock"
9,28,"acquisition","cs_plus_s",1,"shock"
9,29,"acquisition","cs_minus_ns",1,"reward"
9,30,"acquisition","cs_minus_s",1,"reward"
9,31,"acquisition","cs_minus_s",1,"reward"
9,32,"acquisition","cs_minus_s",1,"reward"
9,33,"acquisition","cs_plus_s",1,"shock"
9,34,"acquisition","cs_plus_s",1,"shock"
9,35,"acquisition","cs_minus_ns",1,"reward"
9,36,"acquisition","cs_plus_ns",1,"shock"
9,37,"acquisition","cs_minus_ns",1,"reward"
9,38,"acquisition","cs_minus_ns",1,"reward"
9,39,"acquisition","cs_plus_ns",1,"shock"
9,40,"acquisition","cs_minus_s",1,"reward"
9,41,"acquisition","cs_plus_ns",1,"shock"
9,42,"acquisition","cs_minus_s",1,"reward"
9,43,"acquisition","cs_plus_s",1,"shock"
9,44,"acquisition","cs_minus_ns",1,"reward"
9,45,"acquisition","cs_minus_s",1,"reward"
9,46,"acquisition","cs_plus_s",1,"shock"
9,47,"acquisition","cs_plus_ns",1,"shock"
9,48,"acquisition","cs_minus_s",1,"reward"
9,49,"acquisition","cs_plus_ns",1,"shock"
9,50,"acquisition","cs_plus_ns",1,"shock"
9,51,"acquisition","cs_minus_ns",1,"reward"
9,52,"acquisition","cs_minus_s",1,"reward"
9,53,"acquisition","cs_plus_s",1,"shock"
9,54,"acquisition","cs_plus_ns",1,"shock"
9,55,"acquisition","cs_minus_ns",1,"reward"
9,56,"acquisition","cs_plus_s",1,"shock"
9,57,"acquisition","cs_plus_ns",1,"shock"
9,58,"acquisition","cs_minus_ns",1,"reward"
9,59,"acquisition","cs_minus_ns",1,"reward"
9,60,"acquisition","cs_plus_s",1,"shock"
9,61,"acquisition","cs_plus_s",1,"shock"
9,62,"acquisition","cs_minus_s",1,"reward"
9,63,"acquisition","cs_minus_s",1,"reward"
9,64,"acquisition","cs_minus_s",1,"reward"
9,65,"acquisition","cs_plus_ns",1,"shock"
9,66,"acquisition","cs_minus_s",1,"reward"
9,67,"acquisition","cs_minus_ns",1,"reward"
9,68,"acquisition","cs_minus_s",1,"reward"
9,69,"acquisition","cs_minus_ns",1,"reward"
9,70,"acquisition","cs_plus_ns",1,"shock"
9,71,"acquisition","cs_plus_ns",1,"shock"
9,72,"acquisition","cs_minus_s",1,"reward"
9,73,"acquisition","cs_plus_ns",1,"shock"
9,74,"acquisition","cs_minus_s",1,"reward"
9,75,"acquisition","cs_plus_s",1,"shock"
9,76,"acquisition","cs_minus_ns",1,"reward"
9,77,"acquisition","cs_minus_ns",1,"reward"
9,78,"acquisition","cs_plus_s",1,"shock"
9,79,"acquisition","cs_plus_s",1,"shock"
9,80,"acquisition","cs_plus_s",1,"shock"
9,81,"acquisition","cs_minus_s",1,"reward"
9,82,"acquisition","cs_minus_ns",1,"reward"
9,83,"acquisition","cs_minus_s",1,"reward"
9,84,"acquisition","cs_plus_s",1,"shock"
9,85,"acquisition","cs_plus_s",1,"shock"
9,86,"acquisition","cs_minus_ns",1,"reward"
9,87,"acquisition","cs_plus_s",1,"shock"
9,88,"acquisition","cs_plus_ns",1,"shock"
9,89,"acquisition","cs_plus_ns",1,"shock"
9,90,"acquisition","cs_plus_s",1,"shock"
9,91,"acquisition","cs_minus_ns",1,"reward"
9,92,"acquisition","cs_minus_ns",1,"reward"
9,93,"acquisition","cs_plus_ns",1,"shock"
9,94,"acquisition","cs_minus_s",1,"reward"
9,95,"acquisition","cs_plus_ns",1,"shock"
9,96,"acquisition","cs_minus_s",1,"reward"
9,97,"acquisition","cs_minus_s",1,"reward"
9,98,"acquisition","cs_plus_s",1,"shock"
9,99,"acquisition","cs_plus_ns",1,"shock"
9,100,"acquisition","cs_plus_s",1,"shock"
9,101,"acquisition","cs_minus_s",1,"reward"
9,102,"acquisition","cs_plus_s",1,"shock"
9,103,"acquisition","cs_plus_ns",1,"shock"
9,104,"acquisition","cs_minus_s",1,"reward"
9,105,"acquisition","cs_plus_ns",1,"shock"
9,106,"acquisition","cs_minus_ns",1,"reward"
9,107,"acquisition","cs_minus_s",1,"reward"
9,108,"acquisition","cs_plus_s",1,"shock"
9,109,"acquisition","cs_minus_ns",1,"reward"
9,110,"acquisition","cs_minus_ns",1,"reward"
9,111,"acquisition","cs_minus_ns",1,"reward"
9,112,"acquisition","cs_plus_ns",1,"shock"
9,113,"test","cs_plus_s",NA,NA
9,114,"test","cs_minus_ns",NA,NA
9,115,"test","cs_minus_s",NA,NA
9,116,"test","cs_plus_ns",NA,NA
9,117,"test","cs_minus_s",NA,NA
9,118,"test","cs_plus_ns",NA,NA
9,119,"test","cs_minus_ns",NA,NA
9,120,"test","cs_plus_s",NA,NA
9,121,"test","cs_plus_ns",NA,NA
9,122,"test","cs_plus_s",NA,NA
9,123,"test","cs_minus_ns",NA,NA
9,124,"test","cs_minus_s",NA,NA
9,125,"test","cs_plus_ns",NA,NA
9,126,"test","cs_plus_s",NA,NA
9,127,"test","cs_minus_ns",NA,NA
9,128,"test","cs_minus_s",NA,NA
9,129,"test","cs_plus_ns",NA,NA
9,130,"test","cs_minus_ns",NA,NA
9,131,"test","cs_minus_s",NA,NA
9,132,"test","cs_plus_s",NA,NA
9,133,"test","cs_plus_ns",NA,NA
9,134,"test","cs_minus_s",NA,NA
9,135,"test","cs_plus_s",NA,NA
9,136,"test","cs_minus_ns",NA,NA
9,137,"test","cs_minus_s",NA,NA
9,138,"test","cs_plus_ns",NA,NA
9,139,"test","cs_minus_ns",NA,NA
9,140,"test","cs_plus_s",NA,NA
9,141,"test","cs_minus_ns",NA,NA
9,142,"test","cs_plus_ns",NA,NA
9,143,"test","cs_plus_s",NA,NA
9,144,"test","cs_minus_s",NA,NA
9,145,"test","cs_minus_s",NA,NA
9,146,"test","cs_minus_ns",NA,NA
9,147,"test","cs_plus_ns",NA,NA
9,148,"test","cs_plus_s",NA,NA
9,149,"test","cs_plus_ns",NA,NA
9,150,"test","cs_minus_ns",NA,NA
9,151,"test","cs_plus_s",NA,NA
9,152,"test","cs_minus_s",NA,NA
10,1,"acquisition","cs_plus_ns",1,"shock"
10,2,"acquisition","cs_plus_s",1,"shock"
10,3,"acquisition","cs_minus_ns",1,"reward"
10,4,"acquisition","cs_plus_ns",0,NA
10,5,"acquisition","cs_minus_s",1,"reward"
10,6,"acquisition","cs_minus_ns",1,"reward"
10,7,"acquisition","cs_plus_s",1,"shock"
10,8,"acquisition","cs_plus_s",0,NA
10,9,"acquisition","cs_plus_ns",1,"shock"
10,10,"acquisition","cs_plus_s",1,"shock"
10,11,"acquisition","cs_minus_ns",0,NA
10,12,"acquisition","cs_plus_ns",1,"shock"
10,13,"acquisition","cs_minus_ns",0,NA
10,14,"acquisition","cs_minus_s",0,NA
10,15,"acquisition","cs_minus_s",0,NA
10,16,"acquisition","cs_minus_s",0,NA
10,17,"acquisition","cs_plus_ns",1,"shock"
10,18,"acquisition","cs_plus_s",0,NA
10,19,"acquisition","cs_minus_ns",1,"reward"
10,20,"acquisition","cs_plus_ns",1,"shock"
10,21,"acquisition","cs_plus_s",0,NA
10,22,"acquisition","cs_minus_s",0,NA
10,23,"acquisition","cs_minus_ns",0,NA
10,24,"acquisition","cs_plus_s",0,NA
10,25,"acquisition","cs_minus_s",1,"reward"
10,26,"acquisition","cs_minus_ns",1,"reward"
10,27,"acquisition","cs_minus_s",1,"reward"
10,28,"acquisition","cs_minus_s",1,"reward"
10,29,"acquisition","cs_plus_s",1,"shock"
10,30,"acquisition","cs_minus_ns",1,"reward"
10,31,"acquisition","cs_plus_ns",1,"shock"
10,32,"acquisition","cs_plus_ns",1,"shock"
10,33,"acquisition","cs_minus_s",0,NA
10,34,"acquisition","cs_minus_s",0,NA
10,35,"acquisition","cs_minus_ns",0,NA
10,36,"acquisition","cs_plus_ns",1,"shock"
10,37,"acquisition","cs_plus_ns",1,"shock"
10,38,"acquisition","cs_minus_ns",0,NA
10,39,"acquisition","cs_minus_ns",0,NA
10,40,"acquisition","cs_minus_ns",0,NA
10,41,"acquisition","cs_minus_s",1,"reward"
10,42,"acquisition","cs_plus_s",1,"shock"
10,43,"acquisition","cs_minus_s",1,"reward"
10,44,"acquisition","cs_plus_s",1,"shock"
10,45,"acquisition","cs_plus_s",1,"shock"
10,46,"acquisition","cs_plus_ns",1,"shock"
10,47,"acquisition","cs_plus_s",0,NA
10,48,"acquisition","cs_plus_ns",0,NA
10,49,"acquisition","cs_plus_ns",0,NA
10,50,"acquisition","cs_minus_ns",1,"reward"
10,51,"acquisition","cs_plus_s",1,"shock"
10,52,"acquisition","cs_minus_s",1,"reward"
10,53,"acquisition","cs_minus_ns",1,"reward"
10,54,"acquisition","cs_minus_ns",1,"reward"
10,55,"acquisition","cs_minus_s",1,"reward"
10,56,"acquisition","cs_plus_ns",1,"shock"
10,57,"acquisition","cs_plus_s",1,"shock"
10,58,"acquisition","cs_plus_ns",1,"shock"
10,59,"acquisition","cs_plus_s",1,"shock"
10,60,"acquisition","cs_minus_s",1,"reward"
10,61,"acquisition","cs_plus_ns",1,"shock"
10,62,"acquisition","cs_minus_s",1,"reward"
10,63,"acquisition","cs_minus_ns",0,NA
10,64,"acquisition","cs_plus_s",1,"shock"
10,65,"acquisition","cs_plus_s",1,"shock"
10,66,"acquisition","cs_plus_s",1,"shock"
10,67,"acquisition","cs_minus_s",1,"reward"
10,68,"acquisition","cs_plus_s",1,"shock"
10,69,"acquisition","cs_minus_ns",1,"reward"
10,70,"acquisition","cs_minus_ns",1,"reward"
10,71,"acquisition","cs_minus_s",1,"reward"
10,72,"acquisition","cs_plus_ns",1,"shock"
10,73,"acquisition","cs_plus_s",1,"shock"
10,74,"acquisition","cs_minus_ns",1,"reward"
10,75,"acquisition","cs_minus_s",1,"reward"
10,76,"acquisition","cs_plus_ns",1,"shock"
10,77,"acquisition","cs_plus_ns",1,"shock"
10,78,"acquisition","cs_minus_s",1,"reward"
10,79,"acquisition","cs_minus_ns",1,"reward"
10,80,"acquisition","cs_plus_ns",1,"shock"
10,81,"acquisition","cs_plus_ns",1,"shock"
10,82,"acquisition","cs_plus_s",1,"shock"
10,83,"acquisition","cs_plus_ns",1,"shock"
10,84,"acquisition","cs_minus_s",1,"reward"
10,85,"acquisition","cs_minus_ns",1,"reward"
10,86,"acquisition","cs_plus_s",1,"shock"
10,87,"acquisition","cs_plus_s",1,"shock"
10,88,"acquisition","cs_minus_ns",1,"reward"
10,89,"acquisition","cs_plus_ns",1,"shock"
10,90,"acquisition","cs_plus_s",1,"shock"
10,91,"acquisition","cs_minus_s",1,"reward"
10,92,"acquisition","cs_minus_s",1,"reward"
10,93,"acquisition","cs_minus_s",1,"reward"
10,94,"acquisition","cs_minus_ns",1,"reward"
10,95,"acquisition","cs_minus_ns",1,"reward"
10,96,"acquisition","cs_plus_ns",1,"shock"
10,97,"acquisition","cs_minus_s",1,"reward"
10,98,"acquisition","cs_minus_ns",1,"reward"
10,99,"acquisition","cs_plus_s",1,"shock"
10,100,"acquisition","cs_plus_ns",1,"shock"
10,101,"acquisition","cs_plus_ns",1,"shock"
10,102,"acquisition","cs_plus_ns",1,"shock"
10,103,"acquisition","cs_plus_s",1,"shock"
10,104,"acquisition","cs_plus_s",1,"shock"
10,105,"acquisition","cs_plus_ns",1,"shock"
10,106,"acquisition","cs_minus_ns",1,"reward"
10,107,"acquisition","cs_minus_s",1,"reward"
10,108,"acquisition","cs_plus_s",1,"shock"
10,109,"acquisition","cs_minus_ns",1,"reward"
10,110,"acquisition","cs_minus_s",1,"reward"
10,111,"acquisition","cs_minus_s",1,"reward"
10,112,"acquisition","cs_minus_ns",1,"reward"
10,113,"test","cs_plus_s",NA,NA
10,114,"test","cs_minus_ns",NA,NA
10,115,"test","cs_minus_s",NA,NA
10,116,"test","cs_plus_ns",NA,NA
10,117,"test","cs_minus_ns",NA,NA
10,118,"test","cs_plus_ns",NA,NA
10,119,"test","cs_minus_s",NA,NA
10,120,"test","cs_plus_s",NA,NA
10,121,"test","cs_minus_s",NA,NA
10,122,"test","cs_plus_ns",NA,NA
10,123,"test","cs_plus_s",NA,NA
10,124,"test","cs_minus_ns",NA,NA
10,125,"test","cs_plus_ns",NA,NA
10,126,"test","cs_plus_s",NA,NA
10,127,"test","cs_minus_s",NA,NA
10,128,"test","cs_minus_ns",NA,NA
10,129,"test","cs_plus_s",NA,NA
10,130,"test","cs_minus_s",NA,NA
10,131,"test","cs_minus_ns",NA,NA
10,132,"test","cs_plus_ns",NA,NA
10,133,"test","cs_minus_ns",NA,NA
10,134,"test","cs_minus_s",NA,NA
10,135,"test","cs_plus_ns",NA,NA
10,136,"test","cs_plus_s",NA,NA
10,137,"test","cs_minus_ns",NA,NA
10,138,"test","cs_plus_ns",NA,NA
10,139,"test","cs_minus_s",NA,NA
10,140,"test","cs_plus_s",NA,NA
10,141,"test","cs_plus_s",NA,NA
10,142,"test","cs_minus_ns",NA,NA
10,143,"test","cs_minus_s",NA,NA
10,144,"test","cs_plus_ns",NA,NA
10,145,"test","cs_plus_ns",NA,NA
10,146,"test","cs_plus_s",NA,NA
10,147,"test","cs_minus_ns",NA,NA
10,148,"test","cs_minus_s",NA,NA
10,149,"test","cs_minus_ns",NA,NA
10,150,"test","cs_plus_ns",NA,NA
10,151,"test","cs_minus_s",NA,NA
10,152,"test","cs_plus_s",NA,NA
11,1,"acquisition","cs_minus_s",1,"reward"
11,2,"acquisition","cs_minus_ns",1,"reward"
11,3,"acquisition","cs_plus_s",1,"shock"
11,4,"acquisition","cs_minus_ns",1,"reward"
11,5,"acquisition","cs_plus_ns",1,"shock"
11,6,"acquisition","cs_plus_s",1,"shock"
11,7,"acquisition","cs_plus_ns",1,"shock"
11,8,"acquisition","cs_plus_ns",1,"shock"
11,9,"acquisition","cs_minus_ns",1,"reward"
11,10,"acquisition","cs_plus_ns",1,"shock"
11,11,"acquisition","cs_minus_s",1,"reward"
11,12,"acquisition","cs_plus_s",1,"shock"
11,13,"acquisition","cs_plus_s",1,"shock"
11,14,"acquisition","cs_minus_ns",1,"reward"
11,15,"acquisition","cs_minus_s",1,"reward"
11,16,"acquisition","cs_minus_s",1,"reward"
11,17,"acquisition","cs_minus_ns",1,"reward"
11,18,"acquisition","cs_plus_s",1,"shock"
11,19,"acquisition","cs_plus_ns",1,"shock"
11,20,"acquisition","cs_minus_s",1,"reward"
11,21,"acquisition","cs_plus_s",1,"shock"
11,22,"acquisition","cs_minus_ns",1,"reward"
11,23,"acquisition","cs_plus_s",1,"shock"
11,24,"acquisition","cs_minus_s",1,"reward"
11,25,"acquisition","cs_plus_ns",1,"shock"
11,26,"acquisition","cs_plus_ns",1,"shock"
11,27,"acquisition","cs_minus_ns",1,"reward"
11,28,"acquisition","cs_minus_s",1,"reward"
11,29,"acquisition","cs_plus_ns",1,"shock"
11,30,"acquisition","cs_minus_ns",1,"reward"
11,31,"acquisition","cs_minus_s",1,"reward"
11,32,"acquisition","cs_plus_s",1,"shock"
11,33,"acquisition","cs_minus_ns",0,NA
11,34,"acquisition","cs_plus_s",0,NA
11,35,"acquisition","cs_plus_ns",0,NA
11,36,"acquisition","cs_minus_ns",1,"reward"
11,37,"acquisition","cs_plus_ns",1,"shock"
11,38,"acquisition","cs_minus_ns",1,"reward"
11,39,"acquisition","cs_minus_s",1,"reward"
11,40,"acquisition","cs_plus_ns",1,"shock"
11,41,"acquisition","cs_plus_s",1,"shock"
11,42,"acquisition","cs_plus_s",1,"shock"
11,43,"acquisition","cs_minus_s",1,"reward"
11,44,"acquisition","cs_minus_ns",1,"reward"
11,45,"acquisition","cs_plus_s",1,"shock"
11,46,"acquisition","cs_plus_ns",1,"shock"
11,47,"acquisition","cs_minus_s",1,"reward"
11,48,"acquisition","cs_minus_s",1,"reward"
11,49,"acquisition","cs_minus_s",1,"reward"
11,50,"acquisition","cs_plus_s",1,"shock"
11,51,"acquisition","cs_minus_ns",1,"reward"
11,52,"acquisition","cs_plus_ns",1,"shock"
11,53,"acquisition","cs_plus_ns",1,"shock"
11,54,"acquisition","cs_plus_s",1,"shock"
11,55,"acquisition","cs_minus_ns",1,"reward"
11,56,"acquisition","cs_minus_ns",1,"reward"
11,57,"acquisition","cs_plus_s",1,"shock"
11,58,"acquisition","cs_minus_s",1,"reward"
11,59,"acquisition","cs_minus_s",1,"reward"
11,60,"acquisition","cs_plus_ns",1,"shock"
11,61,"acquisition","cs_minus_ns",1,"reward"
11,62,"acquisition","cs_plus_ns",1,"shock"
11,63,"acquisition","cs_minus_s",1,"reward"
11,64,"acquisition","cs_plus_s",1,"shock"
11,65,"acquisition","cs_plus_ns",1,"shock"
11,66,"acquisition","cs_plus_s",1,"shock"
11,67,"acquisition","cs_plus_s",1,"shock"
11,68,"acquisition","cs_plus_ns",1,"shock"
11,69,"acquisition","cs_minus_ns",1,"reward"
11,70,"acquisition","cs_minus_s",1,"reward"
11,71,"acquisition","cs_plus_ns",1,"shock"
11,72,"acquisition","cs_plus_ns",1,"shock"
11,73,"acquisition","cs_minus_s",1,"reward"
11,74,"acquisition","cs_minus_ns",1,"reward"
11,75,"acquisition","cs_plus_s",1,"shock"
11,76,"acquisition","cs_minus_ns",1,"reward"
11,77,"acquisition","cs_plus_s",1,"shock"
11,78,"acquisition","cs_minus_s",0,NA
11,79,"acquisition","cs_minus_s",1,"reward"
11,80,"acquisition","cs_minus_ns",1,"reward"
11,81,"acquisition","cs_plus_ns",1,"shock"
11,82,"acquisition","cs_plus_ns",1,"shock"
11,83,"acquisition","cs_plus_s",1,"shock"
11,84,"acquisition","cs_plus_s",1,"shock"
11,85,"acquisition","cs_minus_s",1,"reward"
11,86,"acquisition","cs_minus_ns",1,"reward"
11,87,"acquisition","cs_minus_s",1,"reward"
11,88,"acquisition","cs_minus_ns",1,"reward"
11,89,"acquisition","cs_plus_s",1,"shock"
11,90,"acquisition","cs_plus_s",1,"shock"
11,91,"acquisition","cs_minus_s",1,"reward"
11,92,"acquisition","cs_plus_ns",1,"shock"
11,93,"acquisition","cs_minus_ns",0,NA
11,94,"acquisition","cs_minus_s",1,"reward"
11,95,"acquisition","cs_minus_ns",1,"reward"
11,96,"acquisition","cs_plus_ns",1,"shock"
11,97,"acquisition","cs_minus_s",1,"reward"
11,98,"acquisition","cs_minus_s",1,"reward"
11,99,"acquisition","cs_plus_s",1,"shock"
11,100,"acquisition","cs_minus_s",1,"reward"
11,101,"acquisition","cs_minus_ns",1,"reward"
11,102,"acquisition","cs_minus_ns",1,"reward"
11,103,"acquisition","cs_plus_ns",1,"shock"
11,104,"acquisition","cs_minus_s",1,"reward"
11,105,"acquisition","cs_plus_s",1,"shock"
11,106,"acquisition","cs_plus_ns",1,"shock"
11,107,"acquisition","cs_plus_s",1,"shock"
11,108,"acquisition","cs_minus_ns",1,"reward"
11,109,"acquisition","cs_plus_s",1,"shock"
11,110,"acquisition","cs_minus_ns",1,"reward"
11,111,"acquisition","cs_plus_ns",1,"shock"
11,112,"acquisition","cs_plus_ns",1,"shock"
11,113,"test","cs_plus_ns",NA,NA
11,114,"test","cs_plus_s",NA,NA
11,115,"test","cs_minus_ns",NA,NA
11,116,"test","cs_minus_s",NA,NA
11,117,"test","cs_minus_ns",NA,NA
11,118,"test","cs_plus_ns",NA,NA
11,119,"test","cs_plus_s",NA,NA
11,120,"test","cs_minus_s",NA,NA
11,121,"test","cs_minus_ns",NA,NA
11,122,"test","cs_minus_s",NA,NA
11,123,"test","cs_plus_s",NA,NA
11,124,"test","cs_plus_ns",NA,NA
11,125,"test","cs_minus_s",NA,NA
11,126,"test","cs_plus_ns",NA,NA
11,127,"test","cs_plus_s",NA,NA
11,128,"test","cs_minus_ns",NA,NA
11,129,"test","cs_plus_ns",NA,NA
11,130,"test","cs_plus_s",NA,NA
11,131,"test","cs_minus_ns",NA,NA
11,132,"test","cs_minus_s",NA,NA
11,133,"test","cs_minus_ns",NA,NA
11,134,"test","cs_minus_s",NA,NA
11,135,"test","cs_plus_ns",NA,NA
11,136,"test","cs_plus_s",NA,NA
11,137,"test","cs_minus_s",NA,NA
11,138,"test","cs_plus_ns",NA,NA
11,139,"test","cs_minus_ns",NA,NA
11,140,"test","cs_plus_s",NA,NA
11,141,"test","cs_minus_ns",NA,NA
11,142,"test","cs_minus_s",NA,NA
11,143,"test","cs_plus_s",NA,NA
11,144,"test","cs_plus_ns",NA,NA
11,145,"test","cs_plus_s",NA,NA
11,146,"test","cs_plus_ns",NA,NA
11,147,"test","cs_minus_ns",NA,NA
11,148,"test","cs_minus_s",NA,NA
11,149,"test","cs_plus_s",NA,NA
11,150,"test","cs_minus_ns",NA,NA
11,151,"test","cs_plus_ns",NA,NA
11,152,"test","cs_minus_s",NA,NA
12,1,"acquisition","cs_minus_ns",1,"reward"
12,2,"acquisition","cs_minus_s",1,"reward"
12,3,"acquisition","cs_plus_s",1,"shock"
12,4,"acquisition","cs_plus_s",1,"shock"
12,5,"acquisition","cs_minus_s",1,"reward"
12,6,"acquisition","cs_plus_s",0,NA
12,7,"acquisition","cs_plus_ns",1,"shock"
12,8,"acquisition","cs_plus_ns",1,"shock"
12,9,"acquisition","cs_plus_ns",1,"shock"
12,10,"acquisition","cs_minus_ns",0,NA
12,11,"acquisition","cs_plus_ns",1,"shock"
12,12,"acquisition","cs_minus_ns",1,"reward"
12,13,"acquisition","cs_minus_s",1,"reward"
12,14,"acquisition","cs_minus_s",1,"reward"
12,15,"acquisition","cs_minus_ns",0,NA
12,16,"acquisition","cs_plus_s",1,"shock"
12,17,"acquisition","cs_minus_s",1,"reward"
12,18,"acquisition","cs_plus_ns",1,"shock"
12,19,"acquisition","cs_plus_ns",0,NA
12,20,"acquisition","cs_minus_ns",0,NA
12,21,"acquisition","cs_minus_ns",1,"reward"
12,22,"acquisition","cs_minus_ns",0,NA
12,23,"acquisition","cs_minus_s",0,NA
12,24,"acquisition","cs_minus_s",1,"reward"
12,25,"acquisition","cs_plus_ns",1,"shock"
12,26,"acquisition","cs_plus_s",1,"shock"
12,27,"acquisition","cs_minus_s",1,"reward"
12,28,"acquisition","cs_plus_s",1,"shock"
12,29,"acquisition","cs_plus_s",0,NA
12,30,"acquisition","cs_plus_ns",1,"shock"
12,31,"acquisition","cs_plus_s",0,NA
12,32,"acquisition","cs_minus_ns",0,NA
12,33,"acquisition","cs_minus_s",1,"reward"
12,34,"acquisition","cs_plus_s",0,NA
12,35,"acquisition","cs_minus_ns",1,"reward"
12,36,"acquisition","cs_plus_s",1,"shock"
12,37,"acquisition","cs_plus_ns",0,NA
12,38,"acquisition","cs_minus_s",0,NA
12,39,"acquisition","cs_minus_ns",0,NA
12,40,"acquisition","cs_plus_ns",0,NA
12,41,"acquisition","cs_minus_s",1,"reward"
12,42,"acquisition","cs_plus_s",0,NA
12,43,"acquisition","cs_minus_s",1,"reward"
12,44,"acquisition","cs_plus_ns",1,"shock"
12,45,"acquisition","cs_plus_ns",1,"shock"
12,46,"acquisition","cs_minus_ns",1,"reward"
12,47,"acquisition","cs_minus_ns",0,NA
12,48,"acquisition","cs_plus_s",1,"shock"
12,49,"acquisition","cs_minus_ns",1,"reward"
12,50,"acquisition","cs_minus_s",1,"reward"
12,51,"acquisition","cs_plus_ns",0,NA
12,52,"acquisition","cs_plus_ns",1,"shock"
12,53,"acquisition","cs_plus_s",1,"shock"
12,54,"acquisition","cs_minus_s",1,"reward"
12,55,"acquisition","cs_plus_ns",1,"shock"
12,56,"acquisition","cs_plus_s",0,NA
12,57,"acquisition","cs_minus_ns",0,NA
12,58,"acquisition","cs_minus_ns",1,"reward"
12,59,"acquisition","cs_plus_ns",0,NA
12,60,"acquisition","cs_plus_s",1,"shock"
12,61,"acquisition","cs_minus_s",1,"reward"
12,62,"acquisition","cs_plus_s",1,"shock"
12,63,"acquisition","cs_minus_ns",0,NA
12,64,"acquisition","cs_minus_s",1,"reward"
12,65,"acquisition","cs_minus_s",1,"reward"
12,66,"acquisition","cs_minus_ns",1,"reward"
12,67,"acquisition","cs_minus_ns",1,"reward"
12,68,"acquisition","cs_plus_s",0,NA
12,69,"acquisition","cs_plus_ns",0,NA
12,70,"acquisition","cs_minus_s",1,"reward"
12,71,"acquisition","cs_minus_s",1,"reward"
12,72,"acquisition","cs_plus_ns",0,NA
12,73,"acquisition","cs_minus_s",1,"reward"
12,74,"acquisition","cs_minus_ns",0,NA
12,75,"acquisition","cs_plus_s",0,NA
12,76,"acquisition","cs_plus_s",1,"shock"
12,77,"acquisition","cs_plus_s",0,NA
12,78,"acquisition","cs_plus_ns",1,"shock"
12,79,"acquisition","cs_plus_ns",1,"shock"
12,80,"acquisition","cs_minus_ns",0,NA
12,81,"acquisition","cs_minus_ns",0,NA
12,82,"acquisition","cs_plus_ns",1,"shock"
12,83,"acquisition","cs_minus_ns",0,NA
12,84,"acquisition","cs_minus_s",0,NA
12,85,"acquisition","cs_minus_s",0,NA
12,86,"acquisition","cs_minus_ns",0,NA
12,87,"acquisition","cs_plus_s",1,"shock"
12,88,"acquisition","cs_plus_s",1,"shock"
12,89,"acquisition","cs_plus_ns",0,NA
12,90,"acquisition","cs_minus_s",1,"reward"
12,91,"acquisition","cs_plus_ns",1,"shock"
12,92,"acquisition","cs_minus_ns",1,"reward"
12,93,"acquisition","cs_plus_s",0,NA
12,94,"acquisition","cs_plus_s",0,NA
12,95,"acquisition","cs_minus_s",1,"reward"
12,96,"acquisition","cs_plus_ns",1,"shock"
12,97,"acquisition","cs_minus_ns",1,"reward"
12,98,"acquisition","cs_plus_s",0,NA
12,99,"acquisition","cs_plus_ns",1,"shock"
12,100,"acquisition","cs_plus_s",1,"shock"
12,101,"acquisition","cs_minus_ns",0,NA
12,102,"acquisition","cs_plus_s",1,"shock"
12,103,"acquisition","cs_minus_s",1,"reward"
12,104,"acquisition","cs_plus_s",0,NA
12,105,"acquisition","cs_minus_ns",1,"reward"
12,106,"acquisition","cs_minus_s",1,"reward"
12,107,"acquisition","cs_minus_ns",0,NA
12,108,"acquisition","cs_minus_s",1,"reward"
12,109,"acquisition","cs_plus_ns",0,NA
12,110,"acquisition","cs_plus_ns",0,NA
12,111,"acquisition","cs_minus_s",1,"reward"
12,112,"acquisition","cs_plus_ns",1,"shock"
12,113,"test","cs_minus_s",NA,NA
12,114,"test","cs_plus_ns",NA,NA
12,115,"test","cs_minus_ns",NA,NA
12,116,"test","cs_plus_s",NA,NA
12,117,"test","cs_minus_s",NA,NA
12,118,"test","cs_minus_ns",NA,NA
12,119,"test","cs_plus_s",NA,NA
12,120,"test","cs_plus_ns",NA,NA
12,121,"test","cs_minus_s",NA,NA
12,122,"test","cs_minus_ns",NA,NA
12,123,"test","cs_plus_ns",NA,NA
12,124,"test","cs_plus_s",NA,NA
12,125,"test","cs_plus_s",NA,NA
12,126,"test","cs_minus_s",NA,NA
12,127,"test","cs_minus_ns",NA,NA
12,128,"test","cs_plus_ns",NA,NA
12,129,"test","cs_minus_s",NA,NA
12,130,"test","cs_minus_ns",NA,NA
12,131,"test","cs_plus_ns",NA,NA
12,132,"test","cs_plus_s",NA,NA
12,133,"test","cs_plus_s",NA,NA
12,134,"test","cs_minus_ns",NA,NA
12,135,"test","cs_minus_s",NA,NA
12,136,"test","cs_plus_ns",NA,NA
12,137,"test","cs_minus_s",NA,NA
12,138,"test","cs_plus_ns",NA,NA
12,139,"test","cs_minus_ns",NA,NA
12,140,"test","cs_plus_s",NA,NA
12,141,"test","cs_minus_ns",NA,NA
12,142,"test","cs_plus_s",NA,NA
12,143,"test","cs_minus_s",NA,NA
12,144,"test","cs_plus_ns",NA,NA
12,145,"test","cs_minus_ns",NA,NA
12,146,"test","cs_plus_ns",NA,NA
12,147,"test","cs_plus_s",NA,NA
12,148,"test","cs_minus_s",NA,NA
12,149,"test","cs_minus_s",NA,NA
12,150,"test","cs_plus_s",NA,NA
12,151,"test","cs_minus_ns",NA,NA
12,152,"test","cs_plus_ns",NA,NA
13,1,"acquisition","cs_minus_s",1,"reward"
13,2,"acquisition","cs_plus_s",1,"shock"
13,3,"acquisition","cs_plus_s",1,"shock"
13,4,"acquisition","cs_minus_ns",1,"reward"
13,5,"acquisition","cs_minus_ns",1,"reward"
13,6,"acquisition","cs_plus_s",1,"shock"
13,7,"acquisition","cs_minus_s",1,"reward"
13,8,"acquisition","cs_plus_ns",1,"shock"
13,9,"acquisition","cs_minus_s",1,"reward"
13,10,"acquisition","cs_plus_ns",1,"shock"
13,11,"acquisition","cs_minus_ns",1,"reward"
13,12,"acquisition","cs_minus_s",1,"reward"
13,13,"acquisition","cs_plus_s",1,"shock"
13,14,"acquisition","cs_plus_ns",1,"shock"
13,15,"acquisition","cs_minus_ns",1,"reward"
13,16,"acquisition","cs_plus_ns",1,"shock"
13,17,"acquisition","cs_minus_ns",1,"reward"
13,18,"acquisition","cs_minus_ns",1,"reward"
13,19,"acquisition","cs_minus_s",1,"reward"
13,20,"acquisition","cs_plus_ns",1,"shock"
13,21,"acquisition","cs_plus_ns",1,"shock"
13,22,"acquisition","cs_plus_ns",1,"shock"
13,23,"acquisition","cs_minus_ns",1,"reward"
13,24,"acquisition","cs_plus_s",1,"shock"
13,25,"acquisition","cs_plus_ns",1,"shock"
13,26,"acquisition","cs_minus_s",1,"reward"
13,27,"acquisition","cs_plus_s",1,"shock"
13,28,"acquisition","cs_minus_s",1,"reward"
13,29,"acquisition","cs_minus_ns",1,"reward"
13,30,"acquisition","cs_plus_s",1,"shock"
13,31,"acquisition","cs_plus_s",1,"shock"
13,32,"acquisition","cs_minus_s",1,"reward"
13,33,"acquisition","cs_minus_s",1,"reward"
13,34,"acquisition","cs_minus_s",1,"reward"
13,35,"acquisition","cs_plus_ns",1,"shock"
13,36,"acquisition","cs_minus_ns",1,"reward"
13,37,"acquisition","cs_plus_s",0,NA
13,38,"acquisition","cs_minus_ns",1,"reward"
13,39,"acquisition","cs_plus_ns",0,NA
13,40,"acquisition","cs_plus_ns",1,"shock"
13,41,"acquisition","cs_plus_s",0,NA
13,42,"acquisition","cs_plus_ns",0,NA
13,43,"acquisition","cs_plus_s",1,"shock"
13,44,"acquisition","cs_minus_ns",1,"reward"
13,45,"acquisition","cs_minus_s",1,"reward"
13,46,"acquisition","cs_minus_s",1,"reward"
13,47,"acquisition","cs_minus_ns",1,"reward"
13,48,"acquisition","cs_plus_s",0,NA
13,49,"acquisition","cs_minus_s",1,"reward"
13,50,"acquisition","cs_plus_s",0,NA
13,51,"acquisition","cs_plus_ns",0,NA
13,52,"acquisition","cs_minus_s",1,"reward"
13,53,"acquisition","cs_plus_s",1,"shock"
13,54,"acquisition","cs_plus_ns",1,"shock"
13,55,"acquisition","cs_plus_s",0,NA
13,56,"acquisition","cs_minus_ns",1,"reward"
13,57,"acquisition","cs_minus_ns",1,"reward"
13,58,"acquisition","cs_minus_s",1,"reward"
13,59,"acquisition","cs_minus_ns",1,"reward"
13,60,"acquisition","cs_plus_ns",1,"shock"
13,61,"acquisition","cs_minus_ns",1,"reward"
13,62,"acquisition","cs_plus_s",1,"shock"
13,63,"acquisition","cs_plus_ns",1,"shock"
13,64,"acquisition","cs_minus_s",1,"reward"
13,65,"acquisition","cs_plus_ns",0,NA
13,66,"acquisition","cs_minus_s",1,"reward"
13,67,"acquisition","cs_plus_ns",1,"shock"
13,68,"acquisition","cs_plus_s",0,NA
13,69,"acquisition","cs_minus_ns",0,NA
13,70,"acquisition","cs_plus_ns",1,"shock"
13,71,"acquisition","cs_minus_ns",1,"reward"
13,72,"acquisition","cs_plus_s",0,NA
13,73,"acquisition","cs_minus_s",1,"reward"
13,74,"acquisition","cs_plus_s",0,NA
13,75,"acquisition","cs_minus_s",1,"reward"
13,76,"acquisition","cs_minus_ns",1,"reward"
13,77,"acquisition","cs_minus_s",1,"reward"
13,78,"acquisition","cs_plus_s",0,NA
13,79,"acquisition","cs_minus_ns",1,"reward"
13,80,"acquisition","cs_plus_ns",0,NA
13,81,"acquisition","cs_plus_ns",0,NA
13,82,"acquisition","cs_minus_ns",1,"reward"
13,83,"acquisition","cs_plus_ns",1,"shock"
13,84,"acquisition","cs_minus_s",1,"reward"
13,85,"acquisition","cs_minus_s",1,"reward"
13,86,"acquisition","cs_plus_ns",0,NA
13,87,"acquisition","cs_plus_s",1,"shock"
13,88,"acquisition","cs_plus_s",0,NA
13,89,"acquisition","cs_minus_s",1,"reward"
13,90,"acquisition","cs_plus_s",1,"shock"
13,91,"acquisition","cs_plus_s",1,"shock"
13,92,"acquisition","cs_minus_ns",1,"reward"
13,93,"acquisition","cs_plus_ns",1,"shock"
13,94,"acquisition","cs_minus_ns",1,"reward"
13,95,"acquisition","cs_minus_ns",1,"reward"
13,96,"acquisition","cs_minus_s",1,"reward"
13,97,"acquisition","cs_plus_s",0,NA
13,98,"acquisition","cs_plus_ns",1,"shock"
13,99,"acquisition","cs_plus_s",0,NA
13,100,"acquisition","cs_plus_s",0,NA
13,101,"acquisition","cs_minus_s",1,"reward"
13,102,"acquisition","cs_minus_ns",1,"reward"
13,103,"acquisition","cs_plus_ns",1,"shock"
13,104,"acquisition","cs_minus_s",1,"reward"
13,105,"acquisition","cs_plus_s",0,NA
13,106,"acquisition","cs_plus_ns",1,"shock"
13,107,"acquisition","cs_minus_s",1,"reward"
13,108,"acquisition","cs_minus_ns",1,"reward"
13,109,"acquisition","cs_minus_s",1,"reward"
13,110,"acquisition","cs_minus_ns",1,"reward"
13,111,"acquisition","cs_plus_ns",0,NA
13,112,"acquisition","cs_minus_ns",1,"reward"
13,113,"test","cs_minus_ns",NA,NA
13,114,"test","cs_plus_ns",NA,NA
13,115,"test","cs_plus_s",NA,NA
13,116,"test","cs_minus_s",NA,NA
13,117,"test","cs_minus_s",NA,NA
13,118,"test","cs_plus_ns",NA,NA
13,119,"test","cs_minus_ns",NA,NA
13,120,"test","cs_plus_s",NA,NA
13,121,"test","cs_minus_s",NA,NA
13,122,"test","cs_plus_s",NA,NA
13,123,"test","cs_minus_ns",NA,NA
13,124,"test","cs_plus_ns",NA,NA
13,125,"test","cs_minus_ns",NA,NA
13,126,"test","cs_plus_ns",NA,NA
13,127,"test","cs_minus_s",NA,NA
13,128,"test","cs_plus_s",NA,NA
13,129,"test","cs_minus_s",NA,NA
13,130,"test","cs_plus_s",NA,NA
13,131,"test","cs_minus_ns",NA,NA
13,132,"test","cs_plus_ns",NA,NA
13,133,"test","cs_plus_ns",NA,NA
13,134,"test","cs_minus_ns",NA,NA
13,135,"test","cs_minus_s",NA,NA
13,136,"test","cs_plus_s",NA,NA
13,137,"test","cs_plus_ns",NA,NA
13,138,"test","cs_minus_s",NA,NA
13,139,"test","cs_plus_s",NA,NA
13,140,"test","cs_minus_ns",NA,NA
13,141,"test","cs_plus_s",NA,NA
13,142,"test","cs_minus_ns",NA,NA
13,143,"test","cs_plus_ns",NA,NA
13,144,"test","cs_minus_s",NA,NA
13,145,"test","cs_plus_ns",NA,NA
13,146,"test","cs_minus_ns",NA,NA
13,147,"test","cs_plus_s",NA,NA
13,148,"test","cs_minus_s",NA,NA
13,149,"test","cs_minus_ns",NA,NA
13,150,"test","cs_minus_s",NA,NA
13,151,"test","cs_plus_ns",NA,NA
13,152,"test","cs_plus_s",NA,NA
14,1,"acquisition","cs_plus_s",1,"shock"
14,2,"acquisition","cs_plus_ns",1,"shock"
14,3,"acquisition","cs_minus_s",0,NA
14,4,"acquisition","cs_plus_s",1,"shock"
14,5,"acquisition","cs_minus_s",0,NA
14,6,"acquisition","cs_minus_ns",0,NA
14,7,"acquisition","cs_plus_ns",0,NA
14,8,"acquisition","cs_plus_s",0,NA
14,9,"acquisition","cs_plus_ns",0,NA
14,10,"acquisition","cs_minus_s",0,NA
14,11,"acquisition","cs_minus_ns",1,"reward"
14,12,"acquisition","cs_minus_s",1,"reward"
14,13,"acquisition","cs_minus_ns",1,"reward"
14,14,"acquisition","cs_plus_s",1,"shock"
14,15,"acquisition","cs_plus_ns",1,"shock"
14,16,"acquisition","cs_minus_ns",1,"reward"
14,17,"acquisition","cs_minus_ns",1,"reward"
14,18,"acquisition","cs_plus_s",1,"shock"
14,19,"acquisition","cs_minus_s",1,"reward"
14,20,"acquisition","cs_plus_ns",1,"shock"
14,21,"acquisition","cs_minus_ns",1,"reward"
14,22,"acquisition","cs_plus_ns",1,"shock"
14,23,"acquisition","cs_minus_s",1,"reward"
14,24,"acquisition","cs_minus_ns",1,"reward"
14,25,"acquisition","cs_minus_ns",1,"reward"
14,26,"acquisition","cs_minus_s",1,"reward"
14,27,"acquisition","cs_plus_s",1,"shock"
14,28,"acquisition","cs_plus_ns",0,NA
14,29,"acquisition","cs_plus_s",0,NA
14,30,"acquisition","cs_minus_s",0,NA
14,31,"acquisition","cs_plus_ns",0,NA
14,32,"acquisition","cs_plus_s",0,NA
14,33,"acquisition","cs_minus_ns",0,NA
14,34,"acquisition","cs_minus_s",1,"reward"
14,35,"acquisition","cs_minus_s",1,"reward"
14,36,"acquisition","cs_minus_s",0,NA
14,37,"acquisition","cs_minus_ns",1,"reward"
14,38,"acquisition","cs_plus_s",1,"shock"
14,39,"acquisition","cs_plus_s",1,"shock"
14,40,"acquisition","cs_plus_s",1,"shock"
14,41,"acquisition","cs_plus_ns",0,NA
14,42,"acquisition","cs_minus_ns",0,NA
14,43,"acquisition","cs_plus_s",1,"shock"
14,44,"acquisition","cs_minus_s",0,NA
14,45,"acquisition","cs_plus_ns",0,NA
14,46,"acquisition","cs_minus_ns",1,"reward"
14,47,"acquisition","cs_plus_ns",1,"shock"
14,48,"acquisition","cs_plus_ns",0,NA
14,49,"acquisition","cs_minus_s",0,NA
14,50,"acquisition","cs_minus_ns",0,NA
14,51,"acquisition","cs_plus_s",1,"shock"
14,52,"acquisition","cs_plus_ns",1,"shock"
14,53,"acquisition","cs_minus_s",1,"reward"
14,54,"acquisition","cs_plus_ns",1,"shock"
14,55,"acquisition","cs_minus_s",1,"reward"
14,56,"acquisition","cs_plus_ns",1,"shock"
14,57,"acquisition","cs_plus_ns",0,NA
14,58,"acquisition","cs_plus_s",1,"shock"
14,59,"acquisition","cs_plus_s",1,"shock"
14,60,"acquisition","cs_minus_s",1,"reward"
14,61,"acquisition","cs_plus_s",1,"shock"
14,62,"acquisition","cs_minus_ns",1,"reward"
14,63,"acquisition","cs_minus_ns",1,"reward"
14,64,"acquisition","cs_minus_ns",1,"reward"
14,65,"acquisition","cs_minus_ns",1,"reward"
14,66,"acquisition","cs_plus_ns",1,"shock"
14,67,"acquisition","cs_minus_ns",1,"reward"
14,68,"acquisition","cs_plus_s",1,"shock"
14,69,"acquisition","cs_plus_s",1,"shock"
14,70,"acquisition","cs_plus_s",0,NA
14,71,"acquisition","cs_minus_s",0,NA
14,72,"acquisition","cs_plus_ns",1,"shock"
14,73,"acquisition","cs_minus_s",1,"reward"
14,74,"acquisition","cs_plus_s",1,"shock"
14,75,"acquisition","cs_minus_ns",1,"reward"
14,76,"acquisition","cs_minus_s",1,"reward"
14,77,"acquisition","cs_plus_ns",0,NA
14,78,"acquisition","cs_minus_ns",1,"reward"
14,79,"acquisition","cs_minus_s",1,"reward"
14,80,"acquisition","cs_plus_ns",1,"shock"
14,81,"acquisition","cs_minus_s",1,"reward"
14,82,"acquisition","cs_plus_ns",1,"shock"
14,83,"acquisition","cs_plus_s",0,NA
14,84,"acquisition","cs_plus_s",0,NA
14,85,"acquisition","cs_plus_s",0,NA
14,86,"acquisition","cs_minus_s",0,NA
14,87,"acquisition","cs_minus_s",0,NA
14,88,"acquisition","cs_minus_ns",0,NA
14,89,"acquisition","cs_plus_ns",1,"shock"
14,90,"acquisition","cs_plus_ns",1,"shock"
14,91,"acquisition","cs_minus_s",1,"reward"
14,92,"acquisition","cs_plus_ns",1,"shock"
14,93,"acquisition","cs_plus_s",1,"shock"
14,94,"acquisition","cs_minus_ns",1,"reward"
14,95,"acquisition","cs_minus_ns",1,"reward"
14,96,"acquisition","cs_minus_ns",0,NA
14,97,"acquisition","cs_plus_s",1,"shock"
14,98,"acquisition","cs_plus_s",1,"shock"
14,99,"acquisition","cs_plus_ns",1,"shock"
14,100,"acquisition","cs_minus_ns",1,"reward"
14,101,"acquisition","cs_plus_ns",1,"shock"
14,102,"acquisition","cs_plus_ns",0,NA
14,103,"acquisition","cs_minus_s",1,"reward"
14,104,"acquisition","cs_minus_ns",1,"reward"
14,105,"acquisition","cs_plus_s",1,"shock"
14,106,"acquisition","cs_minus_s",1,"reward"
14,107,"acquisition","cs_minus_ns",1,"reward"
14,108,"acquisition","cs_minus_s",1,"reward"
14,109,"acquisition","cs_plus_ns",1,"shock"
14,110,"acquisition","cs_minus_s",1,"reward"
14,111,"acquisition","cs_plus_s",1,"shock"
14,112,"acquisition","cs_minus_ns",1,"reward"
14,113,"test","cs_plus_s",NA,NA
14,114,"test","cs_minus_s",NA,NA
14,115,"test","cs_plus_ns",NA,NA
14,116,"test","cs_minus_ns",NA,NA
14,117,"test","cs_minus_ns",NA,NA
14,118,"test","cs_minus_s",NA,NA
14,119,"test","cs_plus_ns",NA,NA
14,120,"test","cs_plus_s",NA,NA
14,121,"test","cs_plus_s",NA,NA
14,122,"test","cs_plus_ns",NA,NA
14,123,"test","cs_minus_ns",NA,NA
14,124,"test","cs_minus_s",NA,NA
14,125,"test","cs_minus_s",NA,NA
14,126,"test","cs_minus_ns",NA,NA
14,127,"test","cs_plus_ns",NA,NA
14,128,"test","cs_plus_s",NA,NA
14,129,"test","cs_minus_s",NA,NA
14,130,"test","cs_plus_ns",NA,NA
14,131,"test","cs_plus_s",NA,NA
14,132,"test","cs_minus_ns",NA,NA
14,133,"test","cs_minus_ns",NA,NA
14,134,"test","cs_minus_s",NA,NA
14,135,"test","cs_plus_s",NA,NA
14,136,"test","cs_plus_ns",NA,NA
14,137,"test","cs_minus_s",NA,NA
14,138,"test","cs_plus_s",NA,NA
14,139,"test","cs_minus_ns",NA,NA
14,140,"test","cs_plus_ns",NA,NA
14,141,"test","cs_plus_ns",NA,NA
14,142,"test","cs_minus_ns",NA,NA
14,143,"test","cs_plus_s",NA,NA
14,144,"test","cs_minus_s",NA,NA
14,145,"test","cs_minus_s",NA,NA
14,146,"test","cs_plus_ns",NA,NA
14,147,"test","cs_minus_ns",NA,NA
14,148,"test","cs_plus_s",NA,NA
14,149,"test","cs_minus_ns",NA,NA
14,150,"test","cs_minus_s",NA,NA
14,151,"test","cs_plus_s",NA,NA
14,152,"test","cs_plus_ns",NA,NA
15,1,"acquisition","cs_minus_s",1,"reward"
15,2,"acquisition","cs_minus_s",1,"reward"
15,3,"acquisition","cs_plus_s",1,"shock"
15,4,"acquisition","cs_plus_s",1,"shock"
15,5,"acquisition","cs_minus_ns",1,"reward"
15,6,"acquisition","cs_minus_s",1,"reward"
15,7,"acquisition","cs_plus_ns",1,"shock"
15,8,"acquisition","cs_minus_ns",1,"reward"
15,9,"acquisition","cs_plus_s",1,"shock"
15,10,"acquisition","cs_plus_s",1,"shock"
15,11,"acquisition","cs_minus_ns",1,"reward"
15,12,"acquisition","cs_minus_s",1,"reward"
15,13,"acquisition","cs_plus_ns",1,"shock"
15,14,"acquisition","cs_minus_ns",0,NA
15,15,"acquisition","cs_plus_ns",1,"shock"
15,16,"acquisition","cs_plus_ns",1,"shock"
15,17,"acquisition","cs_plus_s",1,"shock"
15,18,"acquisition","cs_minus_s",1,"reward"
15,19,"acquisition","cs_plus_ns",0,NA
15,20,"acquisition","cs_plus_ns",0,NA
15,21,"acquisition","cs_minus_ns",0,NA
15,22,"acquisition","cs_plus_ns",0,NA
15,23,"acquisition","cs_plus_s",1,"shock"
15,24,"acquisition","cs_plus_ns",0,NA
15,25,"acquisition","cs_minus_s",1,"reward"
15,26,"acquisition","cs_minus_ns",0,NA
15,27,"acquisition","cs_minus_s",1,"reward"
15,28,"acquisition","cs_minus_ns",0,NA
15,29,"acquisition","cs_plus_s",1,"shock"
15,30,"acquisition","cs_minus_s",1,"reward"
15,31,"acquisition","cs_plus_s",0,NA
15,32,"acquisition","cs_minus_ns",0,NA
15,33,"acquisition","cs_plus_s",0,NA
15,34,"acquisition","cs_minus_ns",1,"reward"
15,35,"acquisition","cs_minus_ns",1,"reward"
15,36,"acquisition","cs_minus_s",1,"reward"
15,37,"acquisition","cs_minus_s",1,"reward"
15,38,"acquisition","cs_plus_ns",1,"shock"
15,39,"acquisition","cs_minus_ns",1,"reward"
15,40,"acquisition","cs_minus_ns",1,"reward"
15,41,"acquisition","cs_plus_s",1,"shock"
15,42,"acquisition","cs_plus_s",0,NA
15,43,"acquisition","cs_minus_s",1,"reward"
15,44,"acquisition","cs_minus_s",1,"reward"
15,45,"acquisition","cs_plus_s",1,"shock"
15,46,"acquisition","cs_plus_ns",1,"shock"
15,47,"acquisition","cs_plus_ns",1,"shock"
15,48,"acquisition","cs_plus_ns",1,"shock"
15,49,"acquisition","cs_minus_s",1,"reward"
15,50,"acquisition","cs_minus_ns",1,"reward"
15,51,"acquisition","cs_minus_ns",1,"reward"
15,52,"acquisition","cs_plus_s",1,"shock"
15,53,"acquisition","cs_plus_ns",1,"shock"
15,54,"acquisition","cs_plus_ns",1,"shock"
15,55,"acquisition","cs_plus_s",0,NA
15,56,"acquisition","cs_plus_ns",1,"shock"
15,57,"acquisition","cs_minus_s",1,"reward"
15,58,"acquisition","cs_minus_ns",0,NA
15,59,"acquisition","cs_plus_ns",1,"shock"
15,60,"acquisition","cs_minus_s",1,"reward"
15,61,"acquisition","cs_plus_s",1,"shock"
15,62,"acquisition","cs_plus_s",0,NA
15,63,"acquisition","cs_minus_ns",1,"reward"
15,64,"acquisition","cs_minus_s",1,"reward"
15,65,"acquisition","cs_plus_ns",1,"shock"
15,66,"acquisition","cs_plus_ns",1,"shock"
15,67,"acquisition","cs_minus_ns",0,NA
15,68,"acquisition","cs_minus_s",1,"reward"
15,69,"acquisition","cs_plus_ns",1,"shock"
15,70,"acquisition","cs_minus_ns",1,"reward"
15,71,"acquisition","cs_minus_s",1,"reward"
15,72,"acquisition","cs_minus_s",1,"reward"
15,73,"acquisition","cs_minus_s",1,"reward"
15,74,"acquisition","cs_plus_s",0,NA
15,75,"acquisition","cs_minus_ns",1,"reward"
15,76,"acquisition","cs_plus_s",1,"shock"
15,77,"acquisition","cs_plus_ns",0,NA
15,78,"acquisition","cs_minus_ns",1,"reward"
15,79,"acquisition","cs_plus_s",1,"shock"
15,80,"acquisition","cs_plus_s",0,NA
15,81,"acquisition","cs_plus_ns",1,"shock"
15,82,"acquisition","cs_plus_ns",1,"shock"
15,83,"acquisition","cs_plus_s",0,NA
15,84,"acquisition","cs_minus_s",1,"reward"
15,85,"acquisition","cs_minus_s",1,"reward"
15,86,"acquisition","cs_minus_s",1,"reward"
15,87,"acquisition","cs_plus_s",0,NA
15,88,"acquisition","cs_minus_s",1,"reward"
15,89,"acquisition","cs_plus_ns",1,"shock"
15,90,"acquisition","cs_minus_ns",1,"reward"
15,91,"acquisition","cs_minus_ns",0,NA
15,92,"acquisition","cs_plus_s",0,NA
15,93,"acquisition","cs_plus_s",1,"shock"
15,94,"acquisition","cs_minus_ns",1,"reward"
15,95,"acquisition","cs_minus_ns",1,"reward"
15,96,"acquisition","cs_plus_ns",1,"shock"
15,97,"acquisition","cs_minus_ns",0,NA
15,98,"acquisition","cs_minus_s",1,"reward"
15,99,"acquisition","cs_minus_s",1,"reward"
15,100,"acquisition","cs_minus_ns",1,"reward"
15,101,"acquisition","cs_plus_s",1,"shock"
15,102,"acquisition","cs_minus_ns",1,"reward"
15,103,"acquisition","cs_plus_ns",1,"shock"
15,104,"acquisition","cs_plus_ns",1,"shock"
15,105,"acquisition","cs_plus_ns",1,"shock"
15,106,"acquisition","cs_minus_s",1,"reward"
15,107,"acquisition","cs_plus_s",1,"shock"
15,108,"acquisition","cs_plus_ns",1,"shock"
15,109,"acquisition","cs_minus_ns",1,"reward"
15,110,"acquisition","cs_minus_s",1,"reward"
15,111,"acquisition","cs_plus_s",0,NA
15,112,"acquisition","cs_plus_s",0,NA
15,113,"test","cs_plus_ns",NA,NA
15,114,"test","cs_plus_s",NA,NA
15,115,"test","cs_minus_s",NA,NA
15,116,"test","cs_minus_ns",NA,NA
15,117,"test","cs_minus_ns",NA,NA
15,118,"test","cs_plus_ns",NA,NA
15,119,"test","cs_minus_s",NA,NA
15,120,"test","cs_plus_s",NA,NA
15,121,"test","cs_minus_s",NA,NA
15,122,"test","cs_plus_ns",NA,NA
15,123,"test","cs_plus_s",NA,NA
15,124,"test","cs_minus_ns",NA,NA
15,125,"test","cs_plus_ns",NA,NA
15,126,"test","cs_minus_s",NA,NA
15,127,"test","cs_minus_ns",NA,NA
15,128,"test","cs_plus_s",NA,NA
15,129,"test","cs_minus_s",NA,NA
15,130,"test","cs_plus_s",NA,NA
15,131,"test","cs_minus_ns",NA,NA
15,132,"test","cs_plus_ns",NA,NA
15,133,"test","cs_minus_s",NA,NA
15,134,"test","cs_plus_ns",NA,NA
15,135,"test","cs_minus_ns",NA,NA
15,136,"test","cs_plus_s",NA,NA
15,137,"test","cs_minus_s",NA,NA
15,138,"test","cs_minus_ns",NA,NA
15,139,"test","cs_plus_ns",NA,NA
15,140,"test","cs_plus_s",NA,NA
15,141,"test","cs_plus_s",NA,NA
15,142,"test","cs_minus_ns",NA,NA
15,143,"test","cs_minus_s",NA,NA
15,144,"test","cs_plus_ns",NA,NA
15,145,"test","cs_plus_ns",NA,NA
15,146,"test","cs_plus_s",NA,NA
15,147,"test","cs_minus_s",NA,NA
15,148,"test","cs_minus_ns",NA,NA
15,149,"test","cs_minus_s",NA,NA
15,150,"test","cs_plus_ns",NA,NA
15,151,"test","cs_minus_ns",NA,NA
15,152,"test","cs_plus_s",NA,NA
16,1,"acquisition","cs_minus_ns",1,"reward"
16,2,"acquisition","cs_plus_ns",1,"shock"
16,3,"acquisition","cs_minus_s",1,"reward"
16,4,"acquisition","cs_plus_s",1,"shock"
16,5,"acquisition","cs_plus_s",1,"shock"
16,6,"acquisition","cs_minus_s",1,"reward"
16,7,"acquisition","cs_plus_s",1,"shock"
16,8,"acquisition","cs_plus_ns",1,"shock"
16,9,"acquisition","cs_plus_ns",1,"shock"
16,10,"acquisition","cs_plus_s",1,"shock"
16,11,"acquisition","cs_minus_s",1,"reward"
16,12,"acquisition","cs_minus_ns",1,"reward"
16,13,"acquisition","cs_minus_s",0,NA
16,14,"acquisition","cs_minus_ns",1,"reward"
16,15,"acquisition","cs_minus_ns",1,"reward"
16,16,"acquisition","cs_plus_ns",0,NA
16,17,"acquisition","cs_plus_ns",0,NA
16,18,"acquisition","cs_minus_ns",1,"reward"
16,19,"acquisition","cs_plus_s",1,"shock"
16,20,"acquisition","cs_plus_ns",0,NA
16,21,"acquisition","cs_plus_s",1,"shock"
16,22,"acquisition","cs_minus_s",1,"reward"
16,23,"acquisition","cs_plus_s",1,"shock"
16,24,"acquisition","cs_minus_s",1,"reward"
16,25,"acquisition","cs_plus_ns",0,NA
16,26,"acquisition","cs_minus_ns",1,"reward"
16,27,"acquisition","cs_plus_ns",0,NA
16,28,"acquisition","cs_minus_s",1,"reward"
16,29,"acquisition","cs_plus_s",0,NA
16,30,"acquisition","cs_minus_s",1,"reward"
16,31,"acquisition","cs_minus_ns",1,"reward"
16,32,"acquisition","cs_minus_ns",1,"reward"
16,33,"acquisition","cs_minus_s",1,"reward"
16,34,"acquisition","cs_plus_s",0,NA
16,35,"acquisition","cs_minus_ns",1,"reward"
16,36,"acquisition","cs_minus_s",1,"reward"
16,37,"acquisition","cs_plus_s",0,NA
16,38,"acquisition","cs_plus_s",1,"shock"
16,39,"acquisition","cs_minus_s",1,"reward"
16,40,"acquisition","cs_plus_ns",0,NA
16,41,"acquisition","cs_minus_ns",1,"reward"
16,42,"acquisition","cs_minus_ns",1,"reward"
16,43,"acquisition","cs_plus_ns",0,NA
16,44,"acquisition","cs_plus_s",0,NA
16,45,"acquisition","cs_plus_ns",0,NA
16,46,"acquisition","cs_plus_ns",0,NA
16,47,"acquisition","cs_minus_s",1,"reward"
16,48,"acquisition","cs_minus_ns",1,"reward"
16,49,"acquisition","cs_minus_ns",1,"reward"
16,50,"acquisition","cs_plus_ns",0,NA
16,51,"acquisition","cs_plus_s",0,NA
16,52,"acquisition","cs_minus_ns",1,"reward"
16,53,"acquisition","cs_minus_s",1,"reward"
16,54,"acquisition","cs_minus_ns",1,"reward"
16,55,"acquisition","cs_plus_s",1,"shock"
16,56,"acquisition","cs_minus_s",1,"reward"
16,57,"acquisition","cs_minus_s",1,"reward"
16,58,"acquisition","cs_minus_s",1,"reward"
16,59,"acquisition","cs_plus_ns",0,NA
16,60,"acquisition","cs_plus_ns",0,NA
16,61,"acquisition","cs_minus_ns",1,"reward"
16,62,"acquisition","cs_plus_s",0,NA
16,63,"acquisition","cs_plus_s",1,"shock"
16,64,"acquisition","cs_plus_ns",0,NA
16,65,"acquisition","cs_plus_ns",0,NA
16,66,"acquisition","cs_minus_ns",1,"reward"
16,67,"acquisition","cs_minus_ns",1,"reward"
16,68,"acquisition","cs_plus_s",0,NA
16,69,"acquisition","cs_plus_ns",0,NA
16,70,"acquisition","cs_minus_s",1,"reward"
16,71,"acquisition","cs_minus_s",1,"reward"
16,72,"acquisition","cs_minus_s",1,"reward"
16,73,"acquisition","cs_plus_ns",0,NA
16,74,"acquisition","cs_plus_s",0,NA
16,75,"acquisition","cs_plus_s",0,NA
16,76,"acquisition","cs_minus_s",1,"reward"
16,77,"acquisition","cs_plus_s",1,"shock"
16,78,"acquisition","cs_plus_ns",0,NA
16,79,"acquisition","cs_minus_ns",1,"reward"
16,80,"acquisition","cs_minus_ns",1,"reward"
16,81,"acquisition","cs_minus_s",1,"reward"
16,82,"acquisition","cs_minus_ns",1,"reward"
16,83,"acquisition","cs_plus_ns",1,"shock"
16,84,"acquisition","cs_plus_s",0,NA
16,85,"acquisition","cs_plus_ns",0,NA
16,86,"acquisition","cs_minus_s",1,"reward"
16,87,"acquisition","cs_plus_s",1,"shock"
16,88,"acquisition","cs_minus_ns",1,"reward"
16,89,"acquisition","cs_minus_ns",1,"reward"
16,90,"acquisition","cs_minus_s",1,"reward"
16,91,"acquisition","cs_plus_ns",0,NA
16,92,"acquisition","cs_plus_s",0,NA
16,93,"acquisition","cs_plus_s",0,NA
16,94,"acquisition","cs_minus_s",1,"reward"
16,95,"acquisition","cs_minus_ns",1,"reward"
16,96,"acquisition","cs_plus_ns",0,NA
16,97,"acquisition","cs_plus_ns",0,NA
16,98,"acquisition","cs_minus_s",1,"reward"
16,99,"acquisition","cs_plus_ns",0,NA
16,100,"acquisition","cs_minus_s",1,"reward"
16,101,"acquisition","cs_minus_ns",1,"reward"
16,102,"acquisition","cs_minus_s",1,"reward"
16,103,"acquisition","cs_plus_ns",0,NA
16,104,"acquisition","cs_plus_s",0,NA
16,105,"acquisition","cs_plus_s",0,NA
16,106,"acquisition","cs_minus_ns",1,"reward"
16,107,"acquisition","cs_plus_ns",0,NA
16,108,"acquisition","cs_minus_s",1,"reward"
16,109,"acquisition","cs_plus_s",0,NA
16,110,"acquisition","cs_minus_ns",1,"reward"
16,111,"acquisition","cs_minus_ns",1,"reward"
16,112,"acquisition","cs_plus_s",0,NA
16,113,"test","cs_plus_ns",NA,NA
16,114,"test","cs_plus_s",NA,NA
16,115,"test","cs_minus_s",NA,NA
16,116,"test","cs_minus_ns",NA,NA
16,117,"test","cs_minus_ns",NA,NA
16,118,"test","cs_minus_s",NA,NA
16,119,"test","cs_plus_ns",NA,NA
16,120,"test","cs_plus_s",NA,NA
16,121,"test","cs_minus_s",NA,NA
16,122,"test","cs_plus_s",NA,NA
16,123,"test","cs_minus_ns",NA,NA
16,124,"test","cs_plus_ns",NA,NA
16,125,"test","cs_plus_s",NA,NA
16,126,"test","cs_minus_s",NA,NA
16,127,"test","cs_minus_ns",NA,NA
16,128,"test","cs_plus_ns",NA,NA
16,129,"test","cs_plus_s",NA,NA
16,130,"test","cs_minus_ns",NA,NA
16,131,"test","cs_minus_s",NA,NA
16,132,"test","cs_plus_ns",NA,NA
16,133,"test","cs_minus_s",NA,NA
16,134,"test","cs_minus_ns",NA,NA
16,135,"test","cs_plus_s",NA,NA
16,136,"test","cs_plus_ns",NA,NA
16,137,"test","cs_minus_s",NA,NA
16,138,"test","cs_plus_s",NA,NA
16,139,"test","cs_plus_ns",NA,NA
16,140,"test","cs_minus_ns",NA,NA
16,141,"test","cs_plus_s",NA,NA
16,142,"test","cs_minus_ns",NA,NA
16,143,"test","cs_plus_ns",NA,NA
16,144,"test","cs_minus_s",NA,NA
16,145,"test","cs_minus_s",NA,NA
16,146,"test","cs_minus_ns",NA,NA
16,147,"test","cs_plus_s",NA,NA
16,148,"test","cs_plus_ns",NA,NA
16,149,"test","cs_plus_s",NA,NA
16,150,"test","cs_minus_ns",NA,NA
16,151,"test","cs_minus_s",NA,NA
16,152,"test","cs_plus_ns",NA,NA
17,1,"acquisition","cs_plus_ns",1,"shock"
17,2,"acquisition","cs_plus_s",1,"shock"
17,3,"acquisition","cs_plus_s",1,"shock"
17,4,"acquisition","cs_minus_ns",0,NA
17,5,"acquisition","cs_plus_ns",0,NA
17,6,"acquisition","cs_minus_s",1,"reward"
17,7,"acquisition","cs_minus_s",1,"reward"
17,8,"acquisition","cs_minus_ns",1,"reward"
17,9,"acquisition","cs_plus_ns",1,"shock"
17,10,"acquisition","cs_minus_ns",1,"reward"
17,11,"acquisition","cs_minus_s",1,"reward"
17,12,"acquisition","cs_plus_ns",1,"shock"
17,13,"acquisition","cs_plus_s",1,"shock"
17,14,"acquisition","cs_minus_ns",1,"reward"
17,15,"acquisition","cs_minus_s",1,"reward"
17,16,"acquisition","cs_plus_s",0,NA
17,17,"acquisition","cs_minus_s",1,"reward"
17,18,"acquisition","cs_plus_ns",0,NA
17,19,"acquisition","cs_plus_ns",1,"shock"
17,20,"acquisition","cs_minus_s",1,"reward"
17,21,"acquisition","cs_minus_ns",1,"reward"
17,22,"acquisition","cs_plus_s",0,NA
17,23,"acquisition","cs_minus_ns",1,"reward"
17,24,"acquisition","cs_plus_s",1,"shock"
17,25,"acquisition","cs_minus_s",1,"reward"
17,26,"acquisition","cs_minus_s",1,"reward"
17,27,"acquisition","cs_plus_ns",0,NA
17,28,"acquisition","cs_plus_s",0,NA
17,29,"acquisition","cs_minus_ns",1,"reward"
17,30,"acquisition","cs_minus_ns",1,"reward"
17,31,"acquisition","cs_plus_s",0,NA
17,32,"acquisition","cs_plus_ns",1,"shock"
17,33,"acquisition","cs_minus_ns",1,"reward"
17,34,"acquisition","cs_plus_s",0,NA
17,35,"acquisition","cs_plus_ns",0,NA
17,36,"acquisition","cs_plus_s",0,NA
17,37,"acquisition","cs_plus_s",1,"shock"
17,38,"acquisition","cs_minus_ns",1,"reward"
17,39,"acquisition","cs_plus_ns",0,NA
17,40,"acquisition","cs_minus_s",1,"reward"
17,41,"acquisition","cs_minus_s",1,"reward"
17,42,"acquisition","cs_plus_s",0,NA
17,43,"acquisition","cs_minus_s",1,"reward"
17,44,"acquisition","cs_minus_ns",1,"reward"
17,45,"acquisition","cs_minus_ns",1,"reward"
17,46,"acquisition","cs_plus_ns",1,"shock"
17,47,"acquisition","cs_minus_s",1,"reward"
17,48,"acquisition","cs_plus_ns",0,NA
17,49,"acquisition","cs_plus_s",0,NA
17,50,"acquisition","cs_minus_s",1,"reward"
17,51,"acquisition","cs_plus_ns",0,NA
17,52,"acquisition","cs_plus_ns",0,NA
17,53,"acquisition","cs_plus_s",1,"shock"
17,54,"acquisition","cs_plus_s",0,NA
17,55,"acquisition","cs_minus_ns",1,"reward"
17,56,"acquisition","cs_minus_ns",1,"reward"
17,57,"acquisition","cs_plus_ns",0,NA
17,58,"acquisition","cs_plus_ns",1,"shock"
17,59,"acquisition","cs_plus_s",0,NA
17,60,"acquisition","cs_minus_ns",1,"reward"
17,61,"acquisition","cs_minus_ns",1,"reward"
17,62,"acquisition","cs_minus_s",1,"reward"
17,63,"acquisition","cs_minus_s",1,"reward"
17,64,"acquisition","cs_minus_s",1,"reward"
17,65,"acquisition","cs_plus_s",0,NA
17,66,"acquisition","cs_minus_s",1,"reward"
17,67,"acquisition","cs_minus_ns",1,"reward"
17,68,"acquisition","cs_minus_s",1,"reward"
17,69,"acquisition","cs_plus_s",1,"shock"
17,70,"acquisition","cs_minus_s",1,"reward"
17,71,"acquisition","cs_minus_ns",1,"reward"
17,72,"acquisition","cs_plus_ns",0,NA
17,73,"acquisition","cs_plus_ns",0,NA
17,74,"acquisition","cs_minus_ns",1,"reward"
17,75,"acquisition","cs_plus_s",0,NA
17,76,"acquisition","cs_plus_ns",0,NA
17,77,"acquisition","cs_minus_s",1,"reward"
17,78,"acquisition","cs_minus_ns",1,"reward"
17,79,"acquisition","cs_plus_s",1,"shock"
17,80,"acquisition","cs_plus_ns",1,"shock"
17,81,"acquisition","cs_plus_s",0,NA
17,82,"acquisition","cs_minus_ns",1,"reward"
17,83,"acquisition","cs_plus_s",0,NA
17,84,"acquisition","cs_plus_s",0,NA
17,85,"acquisition","cs_minus_ns",1,"reward"
17,86,"acquisition","cs_plus_ns",0,NA
17,87,"acquisition","cs_minus_ns",1,"reward"
17,88,"acquisition","cs_minus_s",1,"reward"
17,89,"acquisition","cs_minus_s",1,"reward"
17,90,"acquisition","cs_plus_ns",0,NA
17,91,"acquisition","cs_minus_ns",1,"reward"
17,92,"acquisition","cs_plus_ns",0,NA
17,93,"acquisition","cs_minus_s",1,"reward"
17,94,"acquisition","cs_plus_ns",1,"shock"
17,95,"acquisition","cs_plus_s",0,NA
17,96,"acquisition","cs_minus_s",1,"reward"
17,97,"acquisition","cs_plus_ns",0,NA
17,98,"acquisition","cs_plus_ns",0,NA
17,99,"acquisition","cs_plus_ns",0,NA
17,100,"acquisition","cs_minus_s",1,"reward"
17,101,"acquisition","cs_minus_s",1,"reward"
17,102,"acquisition","cs_minus_s",1,"reward"
17,103,"acquisition","cs_minus_ns",1,"reward"
17,104,"acquisition","cs_plus_s",0,NA
17,105,"acquisition","cs_minus_ns",1,"reward"
17,106,"acquisition","cs_plus_s",1,"shock"
17,107,"acquisition","cs_plus_ns",0,NA
17,108,"acquisition","cs_minus_s",1,"reward"
17,109,"acquisition","cs_plus_s",0,NA
17,110,"acquisition","cs_plus_s",0,NA
17,111,"acquisition","cs_minus_ns",1,"reward"
17,112,"acquisition","cs_minus_ns",1,"reward"
17,113,"test","cs_plus_s",NA,NA
17,114,"test","cs_minus_ns",NA,NA
17,115,"test","cs_minus_s",NA,NA
17,116,"test","cs_plus_ns",NA,NA
17,117,"test","cs_minus_s",NA,NA
17,118,"test","cs_plus_s",NA,NA
17,119,"test","cs_plus_ns",NA,NA
17,120,"test","cs_minus_ns",NA,NA
17,121,"test","cs_plus_s",NA,NA
17,122,"test","cs_minus_s",NA,NA
17,123,"test","cs_plus_ns",NA,NA
17,124,"test","cs_minus_ns",NA,NA
17,125,"test","cs_plus_s",NA,NA
17,126,"test","cs_minus_ns",NA,NA
17,127,"test","cs_plus_ns",NA,NA
17,128,"test","cs_minus_s",NA,NA
17,129,"test","cs_minus_ns",NA,NA
17,130,"test","cs_plus_s",NA,NA
17,131,"test","cs_minus_s",NA,NA
17,132,"test","cs_plus_ns",NA,NA
17,133,"test","cs_minus_ns",NA,NA
17,134,"test","cs_minus_s",NA,NA
17,135,"test","cs_plus_s",NA,NA
17,136,"test","cs_plus_ns",NA,NA
17,137,"test","cs_plus_s",NA,NA
17,138,"test","cs_minus_s",NA,NA
17,139,"test","cs_minus_ns",NA,NA
17,140,"test","cs_plus_ns",NA,NA
17,141,"test","cs_plus_ns",NA,NA
17,142,"test","cs_plus_s",NA,NA
17,143,"test","cs_minus_s",NA,NA
17,144,"test","cs_minus_ns",NA,NA
17,145,"test","cs_minus_s",NA,NA
17,146,"test","cs_plus_ns",NA,NA
17,147,"test","cs_plus_s",NA,NA
17,148,"test","cs_minus_ns",NA,NA
17,149,"test","cs_minus_ns",NA,NA
17,150,"test","cs_plus_s",NA,NA
17,151,"test","cs_minus_s",NA,NA
17,152,"test","cs_plus_ns",NA,NA
18,1,"acquisition","cs_plus_ns",1,"shock"
18,2,"acquisition","cs_minus_ns",1,"reward"
18,3,"acquisition","cs_minus_ns",1,"reward"
18,4,"acquisition","cs_plus_s",1,"shock"
18,5,"acquisition","cs_plus_ns",1,"shock"
18,6,"acquisition","cs_plus_ns",1,"shock"
18,7,"acquisition","cs_plus_s",1,"shock"
18,8,"acquisition","cs_minus_s",1,"reward"
18,9,"acquisition","cs_minus_s",1,"reward"
18,10,"acquisition","cs_minus_s",1,"reward"
18,11,"acquisition","cs_plus_ns",1,"shock"
18,12,"acquisition","cs_plus_s",1,"shock"
18,13,"acquisition","cs_minus_ns",1,"reward"
18,14,"acquisition","cs_minus_s",1,"reward"
18,15,"acquisition","cs_minus_ns",1,"reward"
18,16,"acquisition","cs_plus_s",1,"shock"
18,17,"acquisition","cs_minus_s",1,"reward"
18,18,"acquisition","cs_plus_s",1,"shock"
18,19,"acquisition","cs_plus_s",1,"shock"
18,20,"acquisition","cs_plus_ns",1,"shock"
18,21,"acquisition","cs_minus_s",1,"reward"
18,22,"acquisition","cs_minus_ns",1,"reward"
18,23,"acquisition","cs_plus_s",1,"shock"
18,24,"acquisition","cs_minus_s",1,"reward"
18,25,"acquisition","cs_minus_ns",1,"reward"
18,26,"acquisition","cs_plus_ns",1,"shock"
18,27,"acquisition","cs_minus_ns",1,"reward"
18,28,"acquisition","cs_plus_s",1,"shock"
18,29,"acquisition","cs_plus_ns",1,"shock"
18,30,"acquisition","cs_plus_ns",1,"shock"
18,31,"acquisition","cs_minus_ns",1,"reward"
18,32,"acquisition","cs_minus_s",1,"reward"
18,33,"acquisition","cs_minus_s",0,NA
18,34,"acquisition","cs_plus_s",0,NA
18,35,"acquisition","cs_minus_ns",0,NA
18,36,"acquisition","cs_plus_s",0,NA
18,37,"acquisition","cs_plus_s",0,NA
18,38,"acquisition","cs_plus_ns",1,"shock"
18,39,"acquisition","cs_minus_ns",0,NA
18,40,"acquisition","cs_minus_ns",0,NA
18,41,"acquisition","cs_plus_s",0,NA
18,42,"acquisition","cs_minus_ns",0,NA
18,43,"acquisition","cs_plus_ns",1,"shock"
18,44,"acquisition","cs_minus_s",0,NA
18,45,"acquisition","cs_minus_s",0,NA
18,46,"acquisition","cs_plus_ns",0,NA
18,47,"acquisition","cs_minus_s",0,NA
18,48,"acquisition","cs_plus_ns",0,NA
18,49,"acquisition","cs_plus_ns",1,"shock"
18,50,"acquisition","cs_minus_s",0,NA
18,51,"acquisition","cs_minus_ns",0,NA
18,52,"acquisition","cs_minus_ns",0,NA
18,53,"acquisition","cs_minus_s",0,NA
18,54,"acquisition","cs_plus_s",0,NA
18,55,"acquisition","cs_minus_s",0,NA
18,56,"acquisition","cs_plus_ns",0,NA
18,57,"acquisition","cs_plus_ns",0,NA
18,58,"acquisition","cs_minus_s",0,NA
18,59,"acquisition","cs_plus_s",0,NA
18,60,"acquisition","cs_minus_ns",0,NA
18,61,"acquisition","cs_plus_ns",0,NA
18,62,"acquisition","cs_plus_s",1,"shock"
18,63,"acquisition","cs_plus_s",0,NA
18,64,"acquisition","cs_minus_ns",0,NA
18,65,"acquisition","cs_minus_s",0,NA
18,66,"acquisition","cs_plus_ns",0,NA
18,67,"acquisition","cs_minus_ns",0,NA
18,68,"acquisition","cs_plus_s",0,NA
18,69,"acquisition","cs_minus_s",0,NA
18,70,"acquisition","cs_plus_ns",0,NA
18,71,"acquisition","cs_plus_s",0,NA
18,72,"acquisition","cs_plus_s",0,NA
18,73,"acquisition","cs_plus_s",0,NA
18,74,"acquisition","cs_plus_ns",0,NA
18,75,"acquisition","cs_minus_s",0,NA
18,76,"acquisition","cs_minus_ns",0,NA
18,77,"acquisition","cs_plus_ns",0,NA
18,78,"acquisition","cs_minus_s",0,NA
18,79,"acquisition","cs_minus_ns",0,NA
18,80,"acquisition","cs_minus_ns",0,NA
18,81,"acquisition","cs_plus_s",0,NA
18,82,"acquisition","cs_minus_s",0,NA
18,83,"acquisition","cs_minus_ns",0,NA
18,84,"acquisition","cs_plus_s",0,NA
18,85,"acquisition","cs_plus_s",0,NA
18,86,"acquisition","cs_minus_ns",0,NA
18,87,"acquisition","cs_plus_ns",0,NA
18,88,"acquisition","cs_minus_s",0,NA
18,89,"acquisition","cs_minus_ns",0,NA
18,90,"acquisition","cs_minus_s",0,NA
18,91,"acquisition","cs_plus_ns",1,"shock"
18,92,"acquisition","cs_plus_ns",0,NA
18,93,"acquisition","cs_plus_s",0,NA
18,94,"acquisition","cs_plus_ns",0,NA
18,95,"acquisition","cs_minus_s",0,NA
18,96,"acquisition","cs_minus_ns",0,NA
18,97,"acquisition","cs_plus_ns",0,NA
18,98,"acquisition","cs_minus_s",0,NA
18,99,"acquisition","cs_minus_s",0,NA
18,100,"acquisition","cs_plus_ns",1,"shock"
18,101,"acquisition","cs_minus_ns",0,NA
18,102,"acquisition","cs_plus_ns",0,NA
18,103,"acquisition","cs_plus_ns",0,NA
18,104,"acquisition","cs_minus_s",0,NA
18,105,"acquisition","cs_plus_s",0,NA
18,106,"acquisition","cs_plus_s",0,NA
18,107,"acquisition","cs_minus_ns",0,NA
18,108,"acquisition","cs_minus_s",0,NA
18,109,"acquisition","cs_minus_ns",0,NA
18,110,"acquisition","cs_plus_s",0,NA
18,111,"acquisition","cs_plus_s",0,NA
18,112,"acquisition","cs_minus_ns",0,NA
18,113,"test","cs_minus_ns",NA,NA
18,114,"test","cs_minus_s",NA,NA
18,115,"test","cs_plus_ns",NA,NA
18,116,"test","cs_plus_s",NA,NA
18,117,"test","cs_minus_ns",NA,NA
18,118,"test","cs_minus_s",NA,NA
18,119,"test","cs_plus_s",NA,NA
18,120,"test","cs_plus_ns",NA,NA
18,121,"test","cs_plus_s",NA,NA
18,122,"test","cs_minus_s",NA,NA
18,123,"test","cs_plus_ns",NA,NA
18,124,"test","cs_minus_ns",NA,NA
18,125,"test","cs_minus_s",NA,NA
18,126,"test","cs_plus_s",NA,NA
18,127,"test","cs_minus_ns",NA,NA
18,128,"test","cs_plus_ns",NA,NA
18,129,"test","cs_minus_ns",NA,NA
18,130,"test","cs_plus_s",NA,NA
18,131,"test","cs_plus_ns",NA,NA
18,132,"test","cs_minus_s",NA,NA
18,133,"test","cs_minus_ns",NA,NA
18,134,"test","cs_minus_s",NA,NA
18,135,"test","cs_plus_s",NA,NA
18,136,"test","cs_plus_ns",NA,NA
18,137,"test","cs_minus_ns",NA,NA
18,138,"test","cs_plus_ns",NA,NA
18,139,"test","cs_plus_s",NA,NA
18,140,"test","cs_minus_s",NA,NA
18,141,"test","cs_minus_ns",NA,NA
18,142,"test","cs_plus_s",NA,NA
18,143,"test","cs_plus_ns",NA,NA
18,144,"test","cs_minus_s",NA,NA
18,145,"test","cs_minus_ns",NA,NA
18,146,"test","cs_plus_s",NA,NA
18,147,"test","cs_plus_ns",NA,NA
18,148,"test","cs_minus_s",NA,NA
18,149,"test","cs_plus_s",NA,NA
18,150,"test","cs_plus_ns",NA,NA
18,151,"test","cs_minus_ns",NA,NA
18,152,"test","cs_minus_s",NA,NA
19,1,"acquisition","cs_minus_s",1,"reward"
19,2,"acquisition","cs_minus_s",1,"reward"
19,3,"acquisition","cs_plus_s",1,"shock"
19,4,"acquisition","cs_minus_ns",1,"reward"
19,5,"acquisition","cs_plus_s",1,"shock"
19,6,"acquisition","cs_minus_ns",1,"reward"
19,7,"acquisition","cs_plus_ns",1,"shock"
19,8,"acquisition","cs_minus_s",1,"reward"
19,9,"acquisition","cs_plus_ns",1,"shock"
19,10,"acquisition","cs_plus_ns",1,"shock"
19,11,"acquisition","cs_minus_s",1,"reward"
19,12,"acquisition","cs_plus_s",1,"shock"
19,13,"acquisition","cs_minus_ns",1,"reward"
19,14,"acquisition","cs_plus_ns",1,"shock"
19,15,"acquisition","cs_minus_ns",1,"reward"
19,16,"acquisition","cs_plus_s",0,NA
19,17,"acquisition","cs_minus_s",1,"reward"
19,18,"acquisition","cs_minus_s",1,"reward"
19,19,"acquisition","cs_minus_s",1,"reward"
19,20,"acquisition","cs_plus_s",0,NA
19,21,"acquisition","cs_minus_ns",1,"reward"
19,22,"acquisition","cs_minus_ns",1,"reward"
19,23,"acquisition","cs_plus_s",0,NA
19,24,"acquisition","cs_plus_ns",1,"shock"
19,25,"acquisition","cs_plus_s",1,"shock"
19,26,"acquisition","cs_minus_s",0,NA
19,27,"acquisition","cs_plus_ns",1,"shock"
19,28,"acquisition","cs_minus_ns",1,"reward"
19,29,"acquisition","cs_minus_ns",1,"reward"
19,30,"acquisition","cs_plus_ns",1,"shock"
19,31,"acquisition","cs_plus_s",1,"shock"
19,32,"acquisition","cs_plus_ns",0,NA
19,33,"acquisition","cs_minus_s",1,"reward"
19,34,"acquisition","cs_plus_ns",1,"shock"
19,35,"acquisition","cs_plus_s",1,"shock"
19,36,"acquisition","cs_plus_s",0,NA
19,37,"acquisition","cs_minus_ns",1,"reward"
19,38,"acquisition","cs_minus_ns",1,"reward"
19,39,"acquisition","cs_minus_s",1,"reward"
19,40,"acquisition","cs_plus_ns",1,"shock"
19,41,"acquisition","cs_plus_ns",1,"shock"
19,42,"acquisition","cs_minus_s",1,"reward"
19,43,"acquisition","cs_minus_ns",1,"reward"
19,44,"acquisition","cs_plus_s",1,"shock"
19,45,"acquisition","cs_plus_s",0,NA
19,46,"acquisition","cs_minus_ns",1,"reward"
19,47,"acquisition","cs_minus_s",1,"reward"
19,48,"acquisition","cs_plus_ns",0,NA
19,49,"acquisition","cs_minus_ns",1,"reward"
19,50,"acquisition","cs_plus_ns",0,NA
19,51,"acquisition","cs_minus_ns",1,"reward"
19,52,"acquisition","cs_plus_s",1,"shock"
19,53,"acquisition","cs_plus_ns",1,"shock"
19,54,"acquisition","cs_minus_s",1,"reward"
19,55,"acquisition","cs_minus_ns",1,"reward"
19,56,"acquisition","cs_minus_s",1,"reward"
19,57,"acquisition","cs_minus_s",1,"reward"
19,58,"acquisition","cs_plus_ns",1,"shock"
19,59,"acquisition","cs_plus_s",0,NA
19,60,"acquisition","cs_plus_ns",1,"shock"
19,61,"acquisition","cs_minus_s",1,"reward"
19,62,"acquisition","cs_plus_s",1,"shock"
19,63,"acquisition","cs_minus_ns",1,"reward"
19,64,"acquisition","cs_plus_s",0,NA
19,65,"acquisition","cs_minus_ns",1,"reward"
19,66,"acquisition","cs_minus_ns",1,"reward"
19,67,"acquisition","cs_plus_s",1,"shock"
19,68,"acquisition","cs_minus_s",1,"reward"
19,69,"acquisition","cs_minus_s",1,"reward"
19,70,"acquisition","cs_minus_ns",1,"reward"
19,71,"acquisition","cs_plus_ns",0,NA
19,72,"acquisition","cs_plus_s",1,"shock"
19,73,"acquisition","cs_plus_ns",1,"shock"
19,74,"acquisition","cs_minus_s",1,"reward"
19,75,"acquisition","cs_plus_ns",1,"shock"
19,76,"acquisition","cs_minus_s",1,"reward"
19,77,"acquisition","cs_plus_s",0,NA
19,78,"acquisition","cs_plus_ns",1,"shock"
19,79,"acquisition","cs_minus_ns",1,"reward"
19,80,"acquisition","cs_plus_s",0,NA
19,81,"acquisition","cs_minus_ns",1,"reward"
19,82,"acquisition","cs_plus_ns",1,"shock"
19,83,"acquisition","cs_minus_s",1,"reward"
19,84,"acquisition","cs_plus_ns",0,NA
19,85,"acquisition","cs_plus_s",1,"shock"
19,86,"acquisition","cs_minus_ns",1,"reward"
19,87,"acquisition","cs_plus_ns",1,"shock"
19,88,"acquisition","cs_minus_s",1,"reward"
19,89,"acquisition","cs_plus_s",1,"shock"
19,90,"acquisition","cs_minus_s",1,"reward"
19,91,"acquisition","cs_plus_s",0,NA
19,92,"acquisition","cs_minus_s",1,"reward"
19,93,"acquisition","cs_plus_s",0,NA
19,94,"acquisition","cs_minus_ns",1,"reward"
19,95,"acquisition","cs_plus_ns",1,"shock"
19,96,"acquisition","cs_minus_ns",1,"reward"
19,97,"acquisition","cs_plus_s",0,NA
19,98,"acquisition","cs_minus_s",1,"reward"
19,99,"acquisition","cs_minus_s",1,"reward"
19,100,"acquisition","cs_plus_ns",1,"shock"
19,101,"acquisition","cs_plus_s",1,"shock"
19,102,"acquisition","cs_plus_s",1,"shock"
19,103,"acquisition","cs_minus_ns",1,"reward"
19,104,"acquisition","cs_plus_s",1,"shock"
19,105,"acquisition","cs_plus_ns",0,NA
19,106,"acquisition","cs_minus_ns",1,"reward"
19,107,"acquisition","cs_plus_ns",1,"shock"
19,108,"acquisition","cs_minus_s",1,"reward"
19,109,"acquisition","cs_minus_s",1,"reward"
19,110,"acquisition","cs_plus_ns",0,NA
19,111,"acquisition","cs_minus_ns",1,"reward"
19,112,"acquisition","cs_minus_ns",1,"reward"
19,113,"test","cs_minus_s",NA,NA
19,114,"test","cs_plus_ns",NA,NA
19,115,"test","cs_plus_s",NA,NA
19,116,"test","cs_minus_ns",NA,NA
19,117,"test","cs_minus_ns",NA,NA
19,118,"test","cs_plus_ns",NA,NA
19,119,"test","cs_minus_s",NA,NA
19,120,"test","cs_plus_s",NA,NA
19,121,"test","cs_plus_s",NA,NA
19,122,"test","cs_minus_s",NA,NA
19,123,"test","cs_minus_ns",NA,NA
19,124,"test","cs_plus_ns",NA,NA
19,125,"test","cs_minus_s",NA,NA
19,126,"test","cs_minus_ns",NA,NA
19,127,"test","cs_plus_s",NA,NA
19,128,"test","cs_plus_ns",NA,NA
19,129,"test","cs_minus_s",NA,NA
19,130,"test","cs_plus_s",NA,NA
19,131,"test","cs_minus_ns",NA,NA
19,132,"test","cs_plus_ns",NA,NA
19,133,"test","cs_minus_s",NA,NA
19,134,"test","cs_minus_ns",NA,NA
19,135,"test","cs_plus_ns",NA,NA
19,136,"test","cs_plus_s",NA,NA
19,137,"test","cs_plus_ns",NA,NA
19,138,"test","cs_minus_s",NA,NA
19,139,"test","cs_plus_s",NA,NA
19,140,"test","cs_minus_ns",NA,NA
19,141,"test","cs_plus_ns",NA,NA
19,142,"test","cs_minus_ns",NA,NA
19,143,"test","cs_minus_s",NA,NA
19,144,"test","cs_plus_s",NA,NA
19,145,"test","cs_plus_s",NA,NA
19,146,"test","cs_minus_ns",NA,NA
19,147,"test","cs_minus_s",NA,NA
19,148,"test","cs_plus_ns",NA,NA
19,149,"test","cs_plus_ns",NA,NA
19,150,"test","cs_minus_s",NA,NA
19,151,"test","cs_minus_ns",NA,NA
19,152,"test","cs_plus_s",NA,NA
20,1,"acquisition","cs_plus_s",1,"shock"
20,2,"acquisition","cs_minus_ns",0,NA
20,3,"acquisition","cs_minus_ns",1,"reward"
20,4,"acquisition","cs_plus_ns",1,"shock"
20,5,"acquisition","cs_minus_s",1,"reward"
20,6,"acquisition","cs_minus_s",1,"reward"
20,7,"acquisition","cs_plus_s",1,"shock"
20,8,"acquisition","cs_plus_ns",1,"shock"
20,9,"acquisition","cs_minus_ns",1,"reward"
20,10,"acquisition","cs_plus_ns",1,"shock"
20,11,"acquisition","cs_plus_s",0,NA
20,12,"acquisition","cs_plus_ns",1,"shock"
20,13,"acquisition","cs_plus_s",1,"shock"
20,14,"acquisition","cs_minus_s",1,"reward"
20,15,"acquisition","cs_minus_s",1,"reward"
20,16,"acquisition","cs_minus_ns",1,"reward"
20,17,"acquisition","cs_minus_ns",1,"reward"
20,18,"acquisition","cs_plus_ns",1,"shock"
20,19,"acquisition","cs_plus_ns",1,"shock"
20,20,"acquisition","cs_plus_ns",1,"shock"
20,21,"acquisition","cs_minus_ns",1,"reward"
20,22,"acquisition","cs_plus_s",1,"shock"
20,23,"acquisition","cs_minus_s",1,"reward"
20,24,"acquisition","cs_minus_ns",1,"reward"
20,25,"acquisition","cs_minus_s",1,"reward"
20,26,"acquisition","cs_minus_ns",1,"reward"
20,27,"acquisition","cs_plus_s",1,"shock"
20,28,"acquisition","cs_minus_s",1,"reward"
20,29,"acquisition","cs_minus_s",1,"reward"
20,30,"acquisition","cs_plus_s",0,NA
20,31,"acquisition","cs_plus_ns",1,"shock"
20,32,"acquisition","cs_plus_s",0,NA
20,33,"acquisition","cs_plus_ns",1,"shock"
20,34,"acquisition","cs_minus_ns",1,"reward"
20,35,"acquisition","cs_minus_s",1,"reward"
20,36,"acquisition","cs_minus_ns",1,"reward"
20,37,"acquisition","cs_plus_ns",1,"shock"
20,38,"acquisition","cs_plus_s",0,NA
20,39,"acquisition","cs_plus_ns",1,"shock"
20,40,"acquisition","cs_minus_s",1,"reward"
20,41,"acquisition","cs_plus_ns",1,"shock"
20,42,"acquisition","cs_plus_s",0,NA
20,43,"acquisition","cs_plus_s",1,"shock"
20,44,"acquisition","cs_minus_s",1,"reward"
20,45,"acquisition","cs_minus_ns",1,"reward"
20,46,"acquisition","cs_minus_s",1,"reward"
20,47,"acquisition","cs_plus_s",0,NA
20,48,"acquisition","cs_minus_ns",1,"reward"
20,49,"acquisition","cs_plus_s",1,"shock"
20,50,"acquisition","cs_minus_s",1,"reward"
20,51,"acquisition","cs_plus_s",0,NA
20,52,"acquisition","cs_plus_ns",1,"shock"
20,53,"acquisition","cs_plus_ns",1,"shock"
20,54,"acquisition","cs_minus_s",1,"reward"
20,55,"acquisition","cs_plus_ns",1,"shock"
20,56,"acquisition","cs_minus_ns",1,"reward"
20,57,"acquisition","cs_plus_s",0,NA
20,58,"acquisition","cs_minus_ns",1,"reward"
20,59,"acquisition","cs_minus_ns",1,"reward"
20,60,"acquisition","cs_minus_s",1,"reward"
20,61,"acquisition","cs_plus_ns",1,"shock"
20,62,"acquisition","cs_minus_ns",1,"reward"
20,63,"acquisition","cs_minus_s",1,"reward"
20,64,"acquisition","cs_plus_s",0,NA
20,65,"acquisition","cs_minus_s",1,"reward"
20,66,"acquisition","cs_plus_s",1,"shock"
20,67,"acquisition","cs_minus_s",1,"reward"
20,68,"acquisition","cs_minus_ns",1,"reward"
20,69,"acquisition","cs_minus_s",1,"reward"
20,70,"acquisition","cs_minus_ns",1,"reward"
20,71,"acquisition","cs_minus_s",1,"reward"
20,72,"acquisition","cs_plus_ns",1,"shock"
20,73,"acquisition","cs_plus_s",0,NA
20,74,"acquisition","cs_plus_ns",1,"shock"
20,75,"acquisition","cs_plus_s",1,"shock"
20,76,"acquisition","cs_minus_ns",1,"reward"
20,77,"acquisition","cs_minus_ns",1,"reward"
20,78,"acquisition","cs_plus_ns",1,"shock"
20,79,"acquisition","cs_plus_s",0,NA
20,80,"acquisition","cs_plus_ns",1,"shock"
20,81,"acquisition","cs_minus_s",1,"reward"
20,82,"acquisition","cs_minus_ns",1,"reward"
20,83,"acquisition","cs_plus_s",0,NA
20,84,"acquisition","cs_minus_s",1,"reward"
20,85,"acquisition","cs_plus_ns",1,"shock"
20,86,"acquisition","cs_minus_ns",1,"reward"
20,87,"acquisition","cs_plus_s",0,NA
20,88,"acquisition","cs_minus_ns",1,"reward"
20,89,"acquisition","cs_minus_s",1,"reward"
20,90,"acquisition","cs_plus_ns",1,"shock"
20,91,"acquisition","cs_plus_s",0,NA
20,92,"acquisition","cs_minus_ns",1,"reward"
20,93,"acquisition","cs_plus_ns",1,"shock"
20,94,"acquisition","cs_minus_s",1,"reward"
20,95,"acquisition","cs_plus_ns",1,"shock"
20,96,"acquisition","cs_plus_s",0,NA
20,97,"acquisition","cs_minus_s",1,"reward"
20,98,"acquisition","cs_plus_s",0,NA
20,99,"acquisition","cs_minus_s",1,"reward"
20,100,"acquisition","cs_plus_s",1,"shock"
20,101,"acquisition","cs_plus_ns",1,"shock"
20,102,"acquisition","cs_plus_s",0,NA
20,103,"acquisition","cs_plus_ns",0,NA
20,104,"acquisition","cs_plus_ns",1,"shock"
20,105,"acquisition","cs_plus_ns",1,"shock"
20,106,"acquisition","cs_plus_s",0,NA
20,107,"acquisition","cs_minus_ns",1,"reward"
20,108,"acquisition","cs_minus_ns",1,"reward"
20,109,"acquisition","cs_minus_ns",1,"reward"
20,110,"acquisition","cs_minus_s",1,"reward"
20,111,"acquisition","cs_minus_s",1,"reward"
20,112,"acquisition","cs_minus_ns",1,"reward"
20,113,"test","cs_minus_ns",NA,NA
20,114,"test","cs_plus_ns",NA,NA
20,115,"test","cs_minus_s",NA,NA
20,116,"test","cs_plus_s",NA,NA
20,117,"test","cs_plus_ns",NA,NA
20,118,"test","cs_minus_ns",NA,NA
20,119,"test","cs_plus_s",NA,NA
20,120,"test","cs_minus_s",NA,NA
20,121,"test","cs_minus_s",NA,NA
20,122,"test","cs_plus_ns",NA,NA
20,123,"test","cs_plus_s",NA,NA
20,124,"test","cs_minus_ns",NA,NA
20,125,"test","cs_minus_ns",NA,NA
20,126,"test","cs_plus_ns",NA,NA
20,127,"test","cs_minus_s",NA,NA
20,128,"test","cs_plus_s",NA,NA
20,129,"test","cs_plus_s",NA,NA
20,130,"test","cs_plus_ns",NA,NA
20,131,"test","cs_minus_s",NA,NA
20,132,"test","cs_minus_ns",NA,NA
20,133,"test","cs_minus_ns",NA,NA
20,134,"test","cs_minus_s",NA,NA
20,135,"test","cs_plus_s",NA,NA
20,136,"test","cs_plus_ns",NA,NA
20,137,"test","cs_plus_ns",NA,NA
20,138,"test","cs_plus_s",NA,NA
20,139,"test","cs_minus_ns",NA,NA
20,140,"test","cs_minus_s",NA,NA
20,141,"test","cs_plus_ns",NA,NA
20,142,"test","cs_minus_ns",NA,NA
20,143,"test","cs_plus_s",NA,NA
20,144,"test","cs_minus_s",NA,NA
20,145,"test","cs_minus_s",NA,NA
20,146,"test","cs_plus_s",NA,NA
20,147,"test","cs_plus_ns",NA,NA
20,148,"test","cs_minus_ns",NA,NA
20,149,"test","cs_minus_s",NA,NA
20,150,"test","cs_plus_s",NA,NA
20,151,"test","cs_plus_ns",NA,NA
20,152,"test","cs_minus_ns",NA,NA
